word,frequency,rank
the,14431,1
of,6609,2
and,6430,3
a,4736,4
to,4625,5
in,4172,6
that,3085,7
his,2530,8
it,2522,9
i,2127,10
he,1896,11
but,1818,12
s,1802,13
as,1741,14
is,1725,15
with,1722,16
was,1644,17
for,1617,18
all,1526,19
this,1394,20
at,1319,21
whale,1226,22
by,1204,23
not,1151,24
from,1088,25
him,1067,26
so,1065,27
on,1062,28
be,1045,29
one,921,30
you,894,31
there,869,32
now,785,33
had,779,34
have,768,35
or,713,36
were,684,37
they,667,38
which,648,39
like,647,40
me,633,41
then,630,42
their,620,43
what,618,44
some,618,45
when,606,46
are,598,47
an,596,48
my,589,49
no,586,50
upon,566,51
out,538,52
man,527,53
into,523,54
up,521,55
ship,518,56
ahab,511,57
more,508,58
if,481,59
them,474,60
ye,472,61
we,460,62
sea,455,63
old,450,64
would,432,65
other,416,66
been,415,67
over,409,68
these,403,69
will,391,70
though,384,71
down,378,72
its,376,73
only,376,74
such,370,75
who,363,76
head,345,77
yet,345,78
boat,336,79
time,334,80
long,333,81
her,332,82
captain,329,83
any,327,84
here,325,85
very,322,86
still,312,87
about,310,88
than,309,89
do,307,90
great,306,91
those,306,92
said,304,93
before,299,94
two,298,95
has,292,96
t,291,97
must,283,98
seemed,283,99
most,282,100
white,281,101
last,277,102
see,272,103
thou,271,104
way,271,105
after,270,106
whales,268,107
again,263,108
did,258,109
stubb,257,110
how,255,111
queequeg,252,112
your,249,113
little,249,114
round,247,115
while,246,116
three,245,117
say,244,118
men,244,119
sperm,244,120
may,240,121
can,236,122
first,235,123
through,233,124
every,232,125
well,230,126
us,228,127
being,225,128
much,223,129
off,220,130
where,220,131
could,216,132
good,216,133
hand,214,134
same,214,135
side,208,136
our,207,137
ever,206,138
never,206,139
own,205,140
look,205,141
himself,205,142
starbuck,198,143
deck,196,144
almost,195,145
go,194,146
even,191,147
water,190,148
thing,188,149
too,185,150
might,183,151
should,183,152
away,183,153
come,179,154
made,178,155
world,176,156
day,176,157
sir,175,158
life,174,159
chapter,173,160
pequod,173,161
fish,169,162
among,167,163
many,166,164
seen,165,165
far,165,166
back,164,167
let,158,168
line,158,169
eyes,156,170
without,156,171
oh,156,172
nor,156,173
cried,155,174
aye,155,175
god,152,176
sort,152,177
know,152,178
right,151,179
thought,150,180
night,150,181
once,149,182
part,149,183
boats,147,184
air,143,185
crew,140,186
don,139,187
take,137,188
whole,137,189
half,136,190
tell,135,191
against,134,192
thus,133,193
things,132,194
thee,131,195
whaling,131,196
came,130,197
soon,130,198
hands,130,199
mast,129,200
small,128,201
each,128,202
feet,127,203
both,124,204
full,123,205
something,123,206
think,122,207
till,122,208
she,120,209
under,120,210
between,120,211
why,119,212
just,117,213
called,116,214
saw,116,215
place,116,216
nothing,115,217
found,115,218
another,115,219
poor,114,220
towards,114,221
ll,114,222
thy,113,223
make,112,224
times,112,225
body,110,226
heard,110,227
along,110,228
high,108,229
flask,108,230
stand,107,231
moment,105,232
sight,105,233
voyage,103,234
sail,102,235
sun,102,236
end,100,237
new,99,238
strange,98,239
hold,98,240
shall,97,241
went,97,242
leviathan,96,243
years,96,244
nantucket,96,245
however,95,246
get,95,247
does,95,248
face,95,249
few,94,250
dead,92,251
because,92,252
black,92,253
heart,91,254
am,91,255
also,91,256
whether,91,257
oil,90,258
death,90,259
stood,90,260
certain,89,261
arm,89,262
perhaps,89,263
going,89,264
indeed,89,265
leg,89,266
eye,88,267
true,87,268
whose,87,269
sometimes,87,270
ships,87,271
seas,87,272
seems,87,273
matter,87,274
iron,87,275
give,86,276
heads,86,277
jonah,85,278
seem,85,279
moby,84,280
dick,84,281
itself,84,282
wild,84,283
cabin,84,284
soul,83,285
hard,83,286
days,82,287
standing,82,288
ocean,81,289
harpooneer,81,290
mind,81,291
sailor,81,292
known,80,293
land,80,294
tail,80,295
always,80,296
young,80,297
present,80,298
within,79,299
large,79,300
mate,79,301
ere,79,302
light,79,303
length,78,304
lay,78,305
instant,77,306
word,76,307
least,76,308
open,76,309
set,76,310
fire,76,311
beneath,76,312
enough,76,313
harpoon,76,314
bed,76,315
bildad,76,316
yes,75,317
four,74,318
d,74,319
board,74,320
morning,74,321
done,74,322
peleg,74,323
pip,74,324
vast,73,325
living,73,326
put,73,327
case,72,328
point,72,329
whalemen,72,330
rather,72,331
often,72,332
top,71,333
deep,70,334
near,70,335
wind,70,336
looking,70,337
name,69,338
myself,69,339
cannot,69,340
general,69,341
keep,69,342
waters,69,343
business,68,344
therefore,67,345
left,67,346
lord,66,347
best,66,348
having,66,349
turned,66,350
since,65,351
work,65,352
fishery,65,353
boy,65,354
together,64,355
king,64,356
order,64,357
reason,64,358
looked,64,359
lower,64,360
hear,63,361
mr,63,362
better,63,363
fast,63,364
aloft,62,365
blood,62,366
mouth,61,367
turn,61,368
further,61,369
book,60,370
short,60,371
live,60,372
st,60,373
spout,60,374
gone,59,375
themselves,59,376
rope,59,377
second,59,378
fine,59,379
chase,59,380
above,58,381
jaw,58,382
dark,58,383
watch,58,384
broad,58,385
feel,57,386
indian,57,387
room,57,388
tashtego,57,389
devil,56,390
find,56,391
close,56,392
harpooneers,56,393
peculiar,56,394
home,56,395
ivory,56,396
next,56,397
goes,55,398
vessel,55,399
cook,55,400
call,55,401
savage,55,402
bottom,55,403
mark,55,404
entire,55,405
coming,54,406
stern,54,407
run,54,408
try,54,409
green,54,410
grand,54,411
fellow,54,412
craft,54,413
curious,54,414
ground,54,415
cut,53,416
main,53,417
less,53,418
taking,53,419
turning,53,420
began,53,421
comes,53,422
speak,52,423
forward,52,424
coffin,52,425
slowly,52,426
sailors,52,427
forth,52,428
taken,51,429
bone,51,430
heaven,51,431
sharks,51,432
thousand,51,433
rest,51,434
besides,50,435
behind,50,436
hundred,50,437
wide,50,438
suddenly,50,439
nevertheless,50,440
broken,50,441
english,49,442
monster,49,443
bones,49,444
teeth,49,445
struck,49,446
particular,49,447
story,49,448
took,49,449
common,49,450
carpenter,49,451
bows,49,452
below,49,453
view,48,454
waves,48,455
lost,48,456
ten,48,457
voice,48,458
used,48,459
stranger,48,460
pull,48,461
mighty,47,462
told,47,463
several,47,464
quarter,47,465
kept,47,466
earth,46,467
whatever,46,468
touching,46,469
making,46,470
chance,46,471
form,46,472
people,46,473
whaleman,46,474
sure,46,475
straight,46,476
sleep,46,477
else,46,478
says,46,479
fact,46,480
got,46,481
running,46,482
caught,45,483
sat,45,484
lance,45,485
blue,45,486
door,45,487
mine,45,488
sails,45,489
queer,44,490
somehow,44,491
whom,44,492
noble,44,493
o,44,494
bow,44,495
especially,44,496
nigh,44,497
house,44,498
five,44,499
hole,44,500
means,44,501
knew,43,502
anything,43,503
rolled,43,504
seamen,43,505
sudden,43,506
mere,42,507
nature,42,508
coast,42,509
hours,42,510
passed,42,511
sharp,42,512
ready,42,513
em,42,514
creature,42,515
wondrous,42,516
surface,42,517
alone,41,518
clear,41,519
art,41,520
calm,41,521
pipe,41,522
quite,41,523
parts,41,524
felt,41,525
course,41,526
sound,41,527
brow,41,528
either,40,529
purpose,40,530
wake,40,531
mortal,40,532
mean,40,533
quick,40,534
cape,40,535
red,40,536
hour,40,537
saying,40,538
concerning,40,539
hat,40,540
mates,40,541
gold,40,542
steelkilt,40,543
others,39,544
plainly,39,545
distance,39,546
object,39,547
mass,39,548
single,39,549
easy,39,550
low,39,551
cry,39,552
makes,39,553
oars,39,554
leaving,38,555
brought,38,556
fixed,38,557
around,38,558
various,38,559
sailed,38,560
ha,38,561
plain,38,562
forehead,38,563
help,38,564
darted,38,565
gave,38,566
power,38,567
de,38,568
gentlemen,38,569
brain,37,570
placed,37,571
mad,37,572
manner,37,573
shot,37,574
bulwarks,37,575
chief,37,576
forecastle,37,577
bear,37,578
famous,37,579
middle,37,580
suppose,37,581
holding,37,582
lines,37,583
human,37,584
table,37,585
held,37,586
skin,37,587
ve,37,588
seeing,37,589
flukes,37,590
heavy,37,591
arms,37,592
cutting,37,593
aspect,37,594
daggoo,37,595
strong,36,596
greenland,36,597
wood,36,598
ago,36,599
fell,36,600
legs,36,601
wonder,36,602
sign,36,603
unknown,36,604
truth,36,605
sky,36,606
born,36,607
use,36,608
given,36,609
natural,36,610
rolling,35,611
killed,35,612
previous,35,613
town,35,614
boys,35,615
spring,35,616
weather,35,617
helm,35,618
rose,35,619
turns,35,620
loose,35,621
creatures,34,622
ashore,34,623
account,34,624
passage,34,625
pacific,34,626
nearly,34,627
american,34,628
rigging,34,629
landlord,34,630
fair,34,631
none,34,632
thoughts,34,633
hope,34,634
remained,34,635
twenty,34,636
skeleton,34,637
start,34,638
sailing,34,639
fin,34,640
blubber,34,641
forty,33,642
fifty,33,643
fear,33,644
kill,33,645
steel,33,646
island,33,647
idea,33,648
stop,33,649
foot,33,650
didn,33,651
want,33,652
company,33,653
hammock,33,654
completely,33,655
drawing,33,656
hardly,33,657
third,33,658
strike,32,659
bulk,32,660
doubt,32,661
free,32,662
miles,32,663
fresh,32,664
storm,32,665
already,32,666
darkness,32,667
harpoons,32,668
jet,32,669
visible,32,670
won,32,671
during,32,672
show,32,673
proper,32,674
ho,32,675
hence,32,676
aft,32,677
nose,32,678
intervals,32,679
hull,32,680
generally,31,681
six,31,682
battle,31,683
works,31,684
species,31,685
thunder,31,686
upper,31,687
considering,31,688
cold,31,689
tossed,31,690
planks,31,691
knife,31,692
soft,31,693
substance,31,694
cast,31,695
across,31,696
pass,31,697
woe,31,698
except,31,699
instances,31,700
rising,31,701
late,30,702
swimming,30,703
huge,30,704
jaws,30,705
possible,30,706
possibly,30,707
smoke,30,708
vain,30,709
act,30,710
really,30,711
snow,30,712
horn,30,713
flying,30,714
hung,30,715
supper,30,716
touch,30,717
carried,30,718
die,30,719
suspended,30,720
shark,30,721
hammer,30,722
hoisted,30,723
altogether,29,724
royal,29,725
hearts,29,726
hast,29,727
play,29,728
e,29,729
south,29,730
pretty,29,731
entirely,29,732
steady,29,733
unless,29,734
astern,29,735
nay,29,736
words,29,737
final,29,738
stands,29,739
mariners,29,740
certainly,29,741
m,29,742
lamp,29,743
aside,29,744
question,29,745
sideways,29,746
pointed,29,747
strangely,29,748
leeward,29,749
pole,29,750
coat,28,751
ancient,28,752
sides,28,753
state,28,754
fishermen,28,755
pilot,28,756
lightning,28,757
bit,28,758
bound,28,759
gale,28,760
leaning,28,761
knows,28,762
mild,28,763
meanwhile,28,764
gods,28,765
scene,28,766
shipmates,28,767
become,28,768
feeling,28,769
person,28,770
thinking,28,771
giving,28,772
command,28,773
glance,28,774
hunters,28,775
oar,28,776
parsee,28,777
horse,27,778
eight,27,779
yards,27,780
thirty,27,781
lie,27,782
kind,27,783
year,27,784
finally,27,785
precisely,27,786
seated,27,787
believe,27,788
started,27,789
ice,27,790
thick,27,791
wooden,27,792
midnight,27,793
hump,27,794
somewhat,27,795
eyeing,27,796
alive,27,797
looks,27,798
overboard,27,799
read,27,800
father,27,801
dropped,27,802
wholly,27,803
ahead,27,804
alongside,27,805
cruising,27,806
whiteness,27,807
fedallah,27,808
dutch,26,809
received,26,810
floating,26,811
masts,26,812
tis,26,813
enormous,26,814
vessels,26,815
degree,26,816
silent,26,817
yourself,26,818
considerable,26,819
drawn,26,820
circumstances,26,821
port,26,822
followed,26,823
ears,26,824
hair,26,825
fancy,26,826
chest,26,827
getting,26,828
otherwise,26,829
war,26,830
wife,26,831
circumstance,26,832
sweet,26,833
wise,26,834
keel,26,835
friend,26,836
bodily,26,837
according,26,838
blow,26,839
sword,25,840
country,25,841
dart,25,842
shore,25,843
learned,25,844
seldom,25,845
carry,25,846
thrown,25,847
bright,25,848
self,25,849
front,25,850
watery,25,851
drop,25,852
answer,25,853
afterwards,25,854
talk,25,855
cases,25,856
number,25,857
added,25,858
interval,25,859
duty,25,860
similar,25,861
skull,25,862
takes,25,863
headed,25,864
beat,25,865
complete,25,866
bearing,25,867
hinted,25,868
spread,25,869
warm,24,870
grow,24,871
globe,24,872
somewhere,24,873
love,24,874
regarded,24,875
blows,24,876
striking,24,877
different,24,878
regular,24,879
pursuit,24,880
honour,24,881
orders,24,882
captains,24,883
fore,24,884
exactly,24,885
perils,24,886
following,24,887
became,24,888
beyond,24,889
tall,24,890
fiery,24,891
wall,24,892
swift,24,893
ran,24,894
owing,24,895
commanded,24,896
instead,24,897
lad,24,898
escape,24,899
circle,24,900
strength,24,901
thyself,24,902
secret,24,903
scuttle,24,904
remains,24,905
hunt,24,906
level,24,907
pulling,24,908
lakeman,24,909
french,23,910
history,23,911
master,23,912
ah,23,913
negro,23,914
spot,23,915
lances,23,916
flew,23,917
higher,23,918
break,23,919
yellow,23,920
hot,23,921
passing,23,922
real,23,923
hidden,23,924
meantime,23,925
pagan,23,926
instantly,23,927
flesh,23,928
burst,23,929
hint,23,930
speaking,23,931
consider,23,932
remain,23,933
gazing,23,934
empty,22,935
magnitude,22,936
sing,22,937
answered,22,938
stove,22,939
laid,22,940
lives,22,941
rear,22,942
east,22,943
ain,22,944
formed,22,945
jolly,22,946
bag,22,947
sitting,22,948
wonderful,22,949
centre,22,950
filled,22,951
avast,22,952
sleeping,22,953
cause,22,954
likewise,22,955
jacket,22,956
terrible,22,957
game,22,958
drew,22,959
deadly,22,960
step,22,961
descried,22,962
souls,22,963
post,22,964
nantucketer,22,965
windward,22,966
seventy,22,967
sink,22,968
dashed,22,969
log,22,970
windlass,22,971
advance,22,972
golden,22,973
radney,22,974
gay,21,975
swim,21,976
holy,21,977
ribs,21,978
tree,21,979
distant,21,980
winds,21,981
decks,21,982
original,21,983
worse,21,984
repeated,21,985
truly,21,986
minutes,21,987
spare,21,988
anchor,21,989
aboard,21,990
law,21,991
quickly,21,992
lofty,21,993
age,21,994
prow,21,995
terrors,21,996
base,21,997
dost,21,998
hailed,21,999
invested,21,1000
evinced,21,1001
attached,21,1002
terror,21,1003
beheld,21,1004
gunwale,21,1005
blacksmith,21,1006
gabriel,20,1007
former,20,1008
hunter,20,1009
swam,20,1010
everything,20,1011
lee,20,1012
directly,20,1013
ishmael,20,1014
virtue,20,1015
hollow,20,1016
lies,20,1017
separate,20,1018
needs,20,1019
thinks,20,1020
swung,20,1021
inches,20,1022
dim,20,1023
england,20,1024
drive,20,1025
gigantic,20,1026
subject,20,1027
fain,20,1028
raised,20,1029
rise,20,1030
floor,20,1031
lying,20,1032
follow,20,1033
places,20,1034
outer,20,1035
past,20,1036
ways,20,1037
profound,20,1038
slightest,20,1039
died,20,1040
son,20,1041
cross,20,1042
fall,20,1043
billows,20,1044
hanging,20,1045
owners,20,1046
gentleman,20,1047
casks,20,1048
breeze,20,1049
grown,20,1050
moreover,20,1051
advancing,20,1052
officers,20,1053
squall,20,1054
grey,20,1055
dignity,20,1056
lowered,20,1057
dat,20,1058
spade,20,1059
doubloon,20,1060
pale,19,1061
stone,19,1062
foam,19,1063
forced,19,1064
bring,19,1065
important,19,1066
largest,19,1067
ordinary,19,1068
spermaceti,19,1069
atlantic,19,1070
pointing,19,1071
meet,19,1072
vicinity,19,1073
quietly,19,1074
leaves,19,1075
picture,19,1076
deeper,19,1077
merchant,19,1078
presented,19,1079
presently,19,1080
glass,19,1081
cannibal,19,1082
telling,19,1083
seat,19,1084
pitch,19,1085
dam,19,1086
sake,19,1087
met,19,1088
ones,19,1089
beginning,19,1090
fight,19,1091
concluded,19,1092
tomahawk,19,1093
ill,19,1094
smoking,19,1095
figure,19,1096
precise,19,1097
awful,19,1098
inch,19,1099
dog,19,1100
hunted,19,1101
stuff,19,1102
solitary,19,1103
silence,19,1104
eternal,19,1105
upwards,19,1106
swiftly,19,1107
reached,19,1108
chiefly,19,1109
merely,19,1110
whaler,19,1111
ends,19,1112
noon,19,1113
eh,19,1114
sorts,19,1115
rapidly,19,1116
elephant,19,1117
whalers,19,1118
porpoise,19,1119
roll,18,1120
whereas,18,1121
queen,18,1122
modern,18,1123
islands,18,1124
breath,18,1125
voyages,18,1126
hill,18,1127
observed,18,1128
children,18,1129
christian,18,1130
engaged,18,1131
lead,18,1132
interest,18,1133
hook,18,1134
content,18,1135
yonder,18,1136
beach,18,1137
glory,18,1138
jump,18,1139
instance,18,1140
pay,18,1141
difference,18,1142
nameless,18,1143
floated,18,1144
bedford,18,1145
pieces,18,1146
box,18,1147
plenty,18,1148
careful,18,1149
opposite,18,1150
crossing,18,1151
sought,18,1152
lips,18,1153
rate,18,1154
evening,18,1155
height,18,1156
kings,18,1157
inside,18,1158
dropping,18,1159
guess,18,1160
thereby,18,1161
prodigious,18,1162
dinner,18,1163
marked,18,1164
child,18,1165
mother,18,1166
leave,18,1167
lo,18,1168
mentioned,18,1169
spite,18,1170
brave,18,1171
thine,18,1172
rush,18,1173
delight,18,1174
gives,18,1175
spirit,18,1176
regularly,18,1177
crown,18,1178
chains,18,1179
drink,18,1180
intense,18,1181
pots,18,1182
flag,18,1183
horizon,18,1184
beef,18,1185
revealed,18,1186
seized,18,1187
yard,18,1188
period,18,1189
steward,18,1190
longer,18,1191
precious,18,1192
lowering,18,1193
example,18,1194
perth,18,1195
animal,17,1196
immediately,17,1197
bird,17,1198
friends,17,1199
heavens,17,1200
sixty,17,1201
wound,17,1202
motion,17,1203
weight,17,1204
fail,17,1205
crews,17,1206
joy,17,1207
bore,17,1208
bold,17,1209
hussey,17,1210
hell,17,1211
mystic,17,1212
west,17,1213
impossible,17,1214
isles,17,1215
trunk,17,1216
meaning,17,1217
muttered,17,1218
thrust,17,1219
bench,17,1220
trying,17,1221
bad,17,1222
plank,17,1223
shouted,17,1224
cool,17,1225
understand,17,1226
neck,17,1227
previously,17,1228
flame,17,1229
fatal,17,1230
remember,17,1231
dragged,17,1232
months,17,1233
laugh,17,1234
whence,17,1235
gaze,17,1236
rocks,17,1237
grave,17,1238
inserted,17,1239
starboard,17,1240
hitherto,17,1241
race,17,1242
devils,17,1243
native,17,1244
ring,17,1245
madness,17,1246
captured,17,1247
fro,17,1248
books,17,1249
yojo,17,1250
rushing,17,1251
affair,17,1252
shape,17,1253
originally,17,1254
foolish,17,1255
heave,17,1256
row,17,1257
leviathans,17,1258
minute,17,1259
solid,17,1260
continually,17,1261
dough,17,1262
lifted,17,1263
thin,17,1264
compass,17,1265
irons,17,1266
spine,17,1267
tackles,17,1268
oarsmen,17,1269
sit,16,1270
seven,16,1271
prophet,16,1272
immense,16,1273
summer,16,1274
spouts,16,1275
tow,16,1276
twelve,16,1277
respect,16,1278
rock,16,1279
stroke,16,1280
colour,16,1281
mariner,16,1282
bread,16,1283
numerous,16,1284
rare,16,1285
thousands,16,1286
carries,16,1287
oceans,16,1288
lungs,16,1289
putting,16,1290
keen,16,1291
knowing,16,1292
earthly,16,1293
invisible,16,1294
unaccountable,16,1295
inn,16,1296
weary,16,1297
proved,16,1298
doom,16,1299
pulpit,16,1300
spray,16,1301
stricken,16,1302
corner,16,1303
pleasant,16,1304
window,16,1305
fairly,16,1306
breaking,16,1307
clean,16,1308
fill,16,1309
monkey,16,1310
clock,16,1311
actually,16,1312
showed,16,1313
furnished,16,1314
double,16,1315
slid,16,1316
heat,16,1317
civilized,16,1318
watching,16,1319
neither,16,1320
piece,16,1321
behold,16,1322
fate,16,1323
fully,16,1324
gallant,16,1325
distinct,16,1326
paused,16,1327
straits,16,1328
missing,16,1329
cries,16,1330
locked,16,1331
feels,16,1332
fit,16,1333
amid,16,1334
shake,16,1335
pictures,16,1336
harbor,16,1337
commander,16,1338
sent,16,1339
happened,16,1340
barrels,16,1341
uncommon,16,1342
flames,16,1343
fool,16,1344
encounter,16,1345
encountered,16,1346
binnacle,16,1347
hark,16,1348
scientific,16,1349
horizontal,16,1350
folio,16,1351
re,16,1352
ginger,16,1353
letter,15,1354
pains,15,1355
job,15,1356
boiling,15,1357
opening,15,1358
moving,15,1359
proceed,15,1360
special,15,1361
armed,15,1362
supposed,15,1363
afraid,15,1364
mention,15,1365
flood,15,1366
rushed,15,1367
probably,15,1368
north,15,1369
exclaimed,15,1370
lads,15,1371
whenever,15,1372
streets,15,1373
ourselves,15,1374
officer,15,1375
marvellous,15,1376
helped,15,1377
endless,15,1378
doing,15,1379
crossed,15,1380
pushed,15,1381
faces,15,1382
shadows,15,1383
grass,15,1384
wrinkled,15,1385
measure,15,1386
working,15,1387
space,15,1388
violent,15,1389
broke,15,1390
disappeared,15,1391
tried,15,1392
save,15,1393
spoke,15,1394
employed,15,1395
coward,15,1396
palms,15,1397
dry,15,1398
troubled,15,1399
shock,15,1400
ages,15,1401
drag,15,1402
events,15,1403
signs,15,1404
exceedingly,15,1405
seek,15,1406
sleet,15,1407
apart,15,1408
marble,15,1409
faith,15,1410
immortal,15,1411
shadow,15,1412
wrinkles,15,1413
utmost,15,1414
roman,15,1415
silently,15,1416
rod,15,1417
dare,15,1418
future,15,1419
position,15,1420
sank,15,1421
bull,15,1422
perilous,15,1423
marks,15,1424
blast,15,1425
secured,15,1426
direction,15,1427
carrying,15,1428
effect,15,1429
superior,15,1430
nearer,15,1431
frantic,15,1432
latter,15,1433
elijah,15,1434
yield,15,1435
heaving,15,1436
vapour,15,1437
latitudes,15,1438
torn,15,1439
firm,15,1440
ii,15,1441
fins,15,1442
german,15,1443
hail,15,1444
horrible,15,1445
cunning,15,1446
blind,15,1447
bucket,15,1448
season,15,1449
pumps,15,1450
oarsman,15,1451
canal,15,1452
steak,15,1453
glancing,14,1454
fly,14,1455
fat,14,1456
prey,14,1457
frequently,14,1458
towing,14,1459
equal,14,1460
reference,14,1461
london,14,1462
wish,14,1463
capture,14,1464
rolls,14,1465
points,14,1466
leaping,14,1467
send,14,1468
hit,14,1469
returned,14,1470
departed,14,1471
throw,14,1472
city,14,1473
trees,14,1474
crazy,14,1475
phantom,14,1476
care,14,1477
sense,14,1478
awe,14,1479
tormented,14,1480
arrived,14,1481
partly,14,1482
boots,14,1483
meant,14,1484
church,14,1485
yea,14,1486
handle,14,1487
entered,14,1488
carved,14,1489
jack,14,1490
fingers,14,1491
mounted,14,1492
considered,14,1493
honest,14,1494
continued,14,1495
moved,14,1496
closely,14,1497
piled,14,1498
glided,14,1499
naught,14,1500
character,14,1501
worth,14,1502
breakfast,14,1503
hue,14,1504
anywhere,14,1505
canvas,14,1506
planted,14,1507
hither,14,1508
forming,14,1509
buried,14,1510
grew,14,1511
unseen,14,1512
continual,14,1513
opinion,14,1514
reach,14,1515
gliding,14,1516
gained,14,1517
asked,14,1518
dying,14,1519
leak,14,1520
declared,14,1521
luck,14,1522
food,14,1523
square,14,1524
chased,14,1525
foe,14,1526
crow,14,1527
perceived,14,1528
deemed,14,1529
intent,14,1530
lively,14,1531
beware,14,1532
split,14,1533
darting,14,1534
token,14,1535
critical,14,1536
terrific,14,1537
erect,14,1538
customary,14,1539
simultaneously,14,1540
occasionally,14,1541
minds,14,1542
sounding,14,1543
seizing,14,1544
corpse,14,1545
tub,14,1546
tun,14,1547
street,13,1548
please,13,1549
swallowed,13,1550
quantity,13,1551
ponderous,13,1552
shoulders,13,1553
doubtless,13,1554
names,13,1555
john,13,1556
polar,13,1557
setting,13,1558
twice,13,1559
utterly,13,1560
dangerous,13,1561
belonged,13,1562
indirectly,13,1563
outs,13,1564
elsewhere,13,1565
return,13,1566
tied,13,1567
extreme,13,1568
mountains,13,1569
receiving,13,1570
silver,13,1571
sweep,13,1572
wherefore,13,1573
hearing,13,1574
swinging,13,1575
den,13,1576
blanket,13,1577
chap,13,1578
resolved,13,1579
private,13,1580
calmly,13,1581
big,13,1582
lighted,13,1583
seaman,13,1584
mat,13,1585
tore,13,1586
spoken,13,1587
chanced,13,1588
pulled,13,1589
idol,13,1590
sprang,13,1591
keeping,13,1592
subsequent,13,1593
shook,13,1594
trowsers,13,1595
slightly,13,1596
individual,13,1597
ladies,13,1598
gain,13,1599
theirs,13,1600
moody,13,1601
mankind,13,1602
merry,13,1603
ropes,13,1604
lesson,13,1605
touched,13,1606
sooner,13,1607
tide,13,1608
need,13,1609
eager,13,1610
straightway,13,1611
leaned,13,1612
greater,13,1613
fathoms,13,1614
stay,13,1615
prove,13,1616
lived,13,1617
finger,13,1618
rib,13,1619
roared,13,1620
leap,13,1621
matters,13,1622
backs,13,1623
cod,13,1624
mrs,13,1625
tiller,13,1626
stout,13,1627
practical,13,1628
swear,13,1629
volume,13,1630
wonders,13,1631
bye,13,1632
ghost,13,1633
steering,13,1634
conceit,13,1635
manned,13,1636
remarkable,13,1637
stars,13,1638
flank,13,1639
loaded,13,1640
readily,13,1641
latitude,13,1642
sinking,13,1643
grounds,13,1644
fourth,13,1645
tower,13,1646
tubs,13,1647
wreck,13,1648
warp,13,1649
leaped,13,1650
canst,13,1651
circles,13,1652
herd,13,1653
buoy,13,1654
ambergris,13,1655
bunger,13,1656
supplied,12,1657
nations,12,1658
spanish,12,1659
wine,12,1660
prepared,12,1661
size,12,1662
narrative,12,1663
exceeding,12,1664
secure,12,1665
deal,12,1666
southern,12,1667
america,12,1668
dread,12,1669
stranded,12,1670
spouting,12,1671
pair,12,1672
noise,12,1673
brother,12,1674
ball,12,1675
upright,12,1676
possession,12,1677
mid,12,1678
money,12,1679
involuntarily,12,1680
falling,12,1681
reaching,12,1682
sadly,12,1683
drowned,12,1684
key,12,1685
begin,12,1686
salt,12,1687
family,12,1688
shoulder,12,1689
contrary,12,1690
sights,12,1691
sounds,12,1692
horror,12,1693
social,12,1694
terms,12,1695
connected,12,1696
pocket,12,1697
gloom,12,1698
ashes,12,1699
loud,12,1700
interior,12,1701
quiet,12,1702
howling,12,1703
oriental,12,1704
lengthwise,12,1705
fashioned,12,1706
winter,12,1707
sweeping,12,1708
mixed,12,1709
slain,12,1710
central,12,1711
cursed,12,1712
downwards,12,1713
meat,12,1714
bears,12,1715
landed,12,1716
shipmate,12,1717
contrast,12,1718
narrow,12,1719
lean,12,1720
morrow,12,1721
unearthly,12,1722
singing,12,1723
shipped,12,1724
clouds,12,1725
thank,12,1726
greatest,12,1727
bent,12,1728
motions,12,1729
unusual,12,1730
vengeance,12,1731
malice,12,1732
scarce,12,1733
calling,12,1734
milk,12,1735
tapering,12,1736
isle,12,1737
countenance,12,1738
caused,12,1739
centuries,12,1740
ladder,12,1741
offered,12,1742
solemn,12,1743
lift,12,1744
ear,12,1745
speed,12,1746
seeking,12,1747
hoisting,12,1748
evil,12,1749
calls,12,1750
freely,12,1751
resting,12,1752
bowels,12,1753
conscience,12,1754
afloat,12,1755
conduct,12,1756
heaved,12,1757
excellent,12,1758
lonely,12,1759
burning,12,1760
naturally,12,1761
shut,12,1762
naked,12,1763
desperate,12,1764
toil,12,1765
fearful,12,1766
settled,12,1767
barbs,12,1768
forms,12,1769
bursting,12,1770
strain,12,1771
prairie,12,1772
draw,12,1773
smells,12,1774
painted,12,1775
leading,12,1776
moments,12,1777
fitted,12,1778
force,12,1779
watches,12,1780
hearted,12,1781
knowledge,12,1782
insult,12,1783
stump,12,1784
happens,12,1785
rapid,12,1786
becomes,12,1787
meeting,12,1788
spars,12,1789
capstan,12,1790
lantern,12,1791
murmured,12,1792
peril,12,1793
usage,12,1794
descend,12,1795
manxman,12,1796
glad,12,1797
eating,12,1798
field,12,1799
system,12,1800
octavo,12,1801
iii,12,1802
external,12,1803
tossing,12,1804
dumb,12,1805
poles,12,1806
additional,12,1807
enchanted,12,1808
slow,12,1809
mountain,12,1810
fleece,12,1811
firmly,12,1812
catch,12,1813
hemp,12,1814
haul,12,1815
rods,12,1816
derick,12,1817
forge,12,1818
um,12,1819
tongue,11,1820
ignorance,11,1821
named,11,1822
arched,11,1823
valuable,11,1824
swallow,11,1825
foul,11,1826
sunrise,11,1827
monstrous,11,1828
beating,11,1829
enter,11,1830
trouble,11,1831
stream,11,1832
baleen,11,1833
smell,11,1834
hoops,11,1835
articles,11,1836
letters,11,1837
fierce,11,1838
pirates,11,1839
visit,11,1840
fifteen,11,1841
cuvier,11,1842
covered,11,1843
element,11,1844
dived,11,1845
wave,11,1846
mysterious,11,1847
convenient,11,1848
demanded,11,1849
replied,11,1850
samuel,11,1851
northern,11,1852
appearance,11,1853
grim,11,1854
nailed,11,1855
pacing,11,1856
needles,11,1857
infallibly,11,1858
pine,11,1859
tiger,11,1860
wanting,11,1861
sand,11,1862
image,11,1863
nights,11,1864
fowls,11,1865
simple,11,1866
slave,11,1867
judgment,11,1868
remote,11,1869
eat,11,1870
service,11,1871
blackness,11,1872
picked,11,1873
equator,11,1874
throwing,11,1875
perpendicular,11,1876
faint,11,1877
flung,11,1878
needle,11,1879
bar,11,1880
desired,11,1881
whispered,11,1882
starting,11,1883
news,11,1884
plan,11,1885
cover,11,1886
fetch,11,1887
early,11,1888
blessed,11,1889
kick,11,1890
clam,11,1891
walls,11,1892
lashed,11,1893
jumped,11,1894
cannibals,11,1895
noticed,11,1896
escaped,11,1897
carefully,11,1898
concluding,11,1899
spell,11,1900
clothes,11,1901
softly,11,1902
experienced,11,1903
begins,11,1904
using,11,1905
peculiarities,11,1906
mostly,11,1907
fellows,11,1908
burn,11,1909
women,11,1910
mist,11,1911
memory,11,1912
notice,11,1913
included,11,1914
significant,11,1915
spiritual,11,1916
taste,11,1917
outward,11,1918
bible,11,1919
foremost,11,1920
prolonged,11,1921
wharf,11,1922
written,11,1923
obvious,11,1924
wicked,11,1925
floats,11,1926
commotion,11,1927
observe,11,1928
direct,11,1929
temple,11,1930
swell,11,1931
swells,11,1932
waist,11,1933
worship,11,1934
peace,11,1935
scenes,11,1936
canoe,11,1937
wore,11,1938
vocation,11,1939
block,11,1940
reasons,11,1941
stripped,11,1942
cask,11,1943
herds,11,1944
remaining,11,1945
butter,11,1946
strongly,11,1947
fleet,11,1948
ramadan,11,1949
aught,11,1950
alike,11,1951
worn,11,1952
features,11,1953
barbaric,11,1954
helmsman,11,1955
temporary,11,1956
indispensable,11,1957
fashion,11,1958
virgin,11,1959
lovely,11,1960
steadily,11,1961
fastened,11,1962
birds,11,1963
belong,11,1964
pick,11,1965
whalebone,11,1966
wet,11,1967
forget,11,1968
invariably,11,1969
discovery,11,1970
welded,11,1971
indifferent,11,1972
tambourine,11,1973
subtle,11,1974
perseus,11,1975
elevated,11,1976
repose,11,1977
mainmast,11,1978
advanced,11,1979
narwhale,11,1980
jets,11,1981
naturalists,11,1982
smaller,11,1983
beholding,11,1984
hearse,11,1985
mount,11,1986
tackle,11,1987
nest,11,1988
objects,11,1989
event,11,1990
contact,11,1991
monomaniac,11,1992
elephants,11,1993
symbol,11,1994
horses,11,1995
coiled,11,1996
vice,11,1997
guernsey,11,1998
school,10,1999
dust,10,2000
mildly,10,2001
sacred,10,2002
cetology,10,2003
fare,10,2004
glasses,10,2005
path,10,2006
appeared,10,2007
skill,10,2008
stretched,10,2009
attend,10,2010
charge,10,2011
afternoon,10,2012
driven,10,2013
velocity,10,2014
inferior,10,2015
led,10,2016
threw,10,2017
papers,10,2018
stage,10,2019
destroyed,10,2020
scoresby,10,2021
curiosity,10,2022
occurred,10,2023
pursued,10,2024
comrades,10,2025
nine,10,2026
commodore,10,2027
damn,10,2028
savages,10,2029
occasion,10,2030
pausing,10,2031
bringing,10,2032
striving,10,2033
landsmen,10,2034
leagues,10,2035
compasses,10,2036
thither,10,2037
absent,10,2038
sick,10,2039
fowl,10,2040
pot,10,2041
served,10,2042
brief,10,2043
gradually,10,2044
dear,10,2045
peter,10,2046
pity,10,2047
lights,10,2048
frozen,10,2049
earnest,10,2050
hovering,10,2051
alas,10,2052
midst,10,2053
gazed,10,2054
yon,10,2055
remotest,10,2056
projecting,10,2057
direful,10,2058
hurrah,10,2059
anybody,10,2060
changed,10,2061
grinning,10,2062
rage,10,2063
pitched,10,2064
stairs,10,2065
surprise,10,2066
chapel,10,2067
odd,10,2068
strip,10,2069
dream,10,2070
sheets,10,2071
serious,10,2072
stock,10,2073
descending,10,2074
glimpse,10,2075
bell,10,2076
shortly,10,2077
japan,10,2078
yesterday,10,2079
vital,10,2080
methinks,10,2081
venerable,10,2082
removed,10,2083
gaining,10,2084
uplifted,10,2085
closed,10,2086
bowed,10,2087
smallest,10,2088
depths,10,2089
berth,10,2090
until,10,2091
hideous,10,2092
shroud,10,2093
downward,10,2094
discovered,10,2095
ask,10,2096
hatches,10,2097
gently,10,2098
george,10,2099
mortals,10,2100
woman,10,2101
hints,10,2102
priest,10,2103
boldly,10,2104
ignorant,10,2105
hills,10,2106
consternation,10,2107
nantucketers,10,2108
impressions,10,2109
vague,10,2110
feeding,10,2111
nearest,10,2112
concern,10,2113
japanese,10,2114
century,10,2115
term,10,2116
quaker,10,2117
experience,10,2118
nail,10,2119
birth,10,2120
pious,10,2121
task,10,2122
sliding,10,2123
accursed,10,2124
murder,10,2125
handed,10,2126
simply,10,2127
entitled,10,2128
domestic,10,2129
thrusting,10,2130
relieved,10,2131
coils,10,2132
knives,10,2133
uncertain,10,2134
slide,10,2135
approaching,10,2136
imperial,10,2137
endure,10,2138
limbs,10,2139
valiant,10,2140
humor,10,2141
divided,10,2142
headsman,10,2143
quest,10,2144
retained,10,2145
soil,10,2146
throughout,10,2147
mood,10,2148
woods,10,2149
crack,10,2150
halloa,10,2151
host,10,2152
derived,10,2153
spear,10,2154
detached,10,2155
clumsy,10,2156
lip,10,2157
spirits,10,2158
skies,10,2159
dish,10,2160
blinds,10,2161
murderous,10,2162
summit,10,2163
perch,10,2164
superstitious,10,2165
depth,10,2166
lake,10,2167
milky,10,2168
appalling,10,2169
wing,10,2170
bare,10,2171
lima,10,2172
buffalo,10,2173
breadth,10,2174
heading,10,2175
eastward,10,2176
crotch,10,2177
spades,10,2178
dense,10,2179
jeroboam,10,2180
greek,9,2181
fancied,9,2182
tribe,9,2183
devilish,9,2184
scarcely,9,2185
monsters,9,2186
incredible,9,2187
bred,9,2188
wounded,9,2189
bodies,9,2190
mistake,9,2191
belly,9,2192
afford,9,2193
lock,9,2194
hist,9,2195
larger,9,2196
attack,9,2197
roaring,9,2198
tremendous,9,2199
weapon,9,2200
extremity,9,2201
raise,9,2202
cruise,9,2203
bloody,9,2204
bethink,9,2205
driving,9,2206
growing,9,2207
damp,9,2208
principle,9,2209
cherish,9,2210
china,9,2211
seemingly,9,2212
magic,9,2213
plunged,9,2214
mystical,9,2215
jove,9,2216
fountain,9,2217
houses,9,2218
spar,9,2219
tar,9,2220
activity,9,2221
pure,9,2222
united,9,2223
everlasting,9,2224
shirt,9,2225
pleased,9,2226
anxious,9,2227
paced,9,2228
miserable,9,2229
stopping,9,2230
opened,9,2231
rows,9,2232
shaking,9,2233
moored,9,2234
society,9,2235
nervous,9,2236
anon,9,2237
wildly,9,2238
sunset,9,2239
attempt,9,2240
candles,9,2241
spend,9,2242
muffled,9,2243
stiff,9,2244
comrade,9,2245
quit,9,2246
beget,9,2247
confidential,9,2248
stark,9,2249
wanted,9,2250
mystery,9,2251
comfortable,9,2252
properly,9,2253
stuck,9,2254
hurry,9,2255
surgeon,9,2256
independent,9,2257
twisted,9,2258
shuddering,9,2259
attention,9,2260
backed,9,2261
ease,9,2262
biscuit,9,2263
whereby,9,2264
succeeded,9,2265
spent,9,2266
angels,9,2267
scattered,9,2268
daylight,9,2269
awake,9,2270
lit,9,2271
wrapped,9,2272
weeks,9,2273
move,9,2274
pike,9,2275
movement,9,2276
vigorous,9,2277
contrasting,9,2278
traveller,9,2279
sum,9,2280
mediterranean,9,2281
reel,9,2282
tempest,9,2283
seventh,9,2284
match,9,2285
hardy,9,2286
wear,9,2287
despair,9,2288
beings,9,2289
unspeakable,9,2290
stave,9,2291
sufficiently,9,2292
mapple,9,2293
youth,9,2294
larboard,9,2295
borne,9,2296
mercy,9,2297
lurks,9,2298
accounts,9,2299
finds,9,2300
crowd,9,2301
intently,9,2302
judge,9,2303
usual,9,2304
flight,9,2305
coin,9,2306
sleeper,9,2307
moon,9,2308
smooth,9,2309
listen,9,2310
lifting,9,2311
occupied,9,2312
singular,9,2313
sensible,9,2314
pressed,9,2315
influence,9,2316
dash,9,2317
furnish,9,2318
homage,9,2319
expression,9,2320
swept,9,2321
snatching,9,2322
bits,9,2323
malicious,9,2324
chowder,9,2325
directions,9,2326
apparently,9,2327
forgotten,9,2328
didst,9,2329
wilt,9,2330
inclined,9,2331
ports,9,2332
yours,9,2333
wants,9,2334
steer,9,2335
party,9,2336
temporarily,9,2337
able,9,2338
loss,9,2339
la,9,2340
intolerable,9,2341
mouths,9,2342
walking,9,2343
member,9,2344
quohog,9,2345
cap,9,2346
rig,9,2347
levelled,9,2348
bless,9,2349
tongs,9,2350
charity,9,2351
score,9,2352
involved,9,2353
dawn,9,2354
hauled,9,2355
apparition,9,2356
cheese,9,2357
hereby,9,2358
accounted,9,2359
abounding,9,2360
hereafter,9,2361
action,9,2362
courage,9,2363
withstand,9,2364
sparkling,9,2365
hum,9,2366
rack,9,2367
brace,9,2368
fury,9,2369
office,9,2370
sole,9,2371
dancing,9,2372
violently,9,2373
powder,9,2374
kicked,9,2375
regard,9,2376
particulars,9,2377
rises,9,2378
recognised,9,2379
lodged,9,2380
hunting,9,2381
intended,9,2382
reserved,9,2383
presumed,9,2384
bellies,9,2385
tumultuous,9,2386
wont,9,2387
float,9,2388
revolving,9,2389
eyed,9,2390
dimly,9,2391
holes,9,2392
hate,9,2393
vivid,9,2394
sad,9,2395
albatross,9,2396
occasional,9,2397
easily,9,2398
brit,9,2399
rail,9,2400
dripping,9,2401
meets,9,2402
sebastian,9,2403
strained,9,2404
hoist,9,2405
keels,9,2406
clinging,9,2407
cord,9,2408
freighted,9,2409
considerably,9,2410
lid,9,2411
combined,9,2412
harem,9,2413
duke,9,2414
squeeze,9,2415
including,8,2416
hopeless,8,2417
crooked,8,2418
pliny,8,2419
described,8,2420
lowly,8,2421
swims,8,2422
edge,8,2423
pipes,8,2424
africa,8,2425
n,8,2426
obey,8,2427
active,8,2428
pray,8,2429
consideration,8,2430
blew,8,2431
express,8,2432
extending,8,2433
shoals,8,2434
horns,8,2435
observing,8,2436
built,8,2437
shrouds,8,2438
moonlight,8,2439
whip,8,2440
interesting,8,2441
excited,8,2442
weapons,8,2443
ahoy,8,2444
shoal,8,2445
largely,8,2446
report,8,2447
gathered,8,2448
eagerly,8,2449
currents,8,2450
perpendicularly,8,2451
harpooned,8,2452
colt,8,2453
song,8,2454
deliberately,8,2455
peep,8,2456
fields,8,2457
dive,8,2458
desert,8,2459
happen,8,2460
sleepy,8,2461
knee,8,2462
conscious,8,2463
confess,8,2464
particularly,8,2465
archangel,8,2466
universal,8,2467
blades,8,2468
paid,8,2469
dogs,8,2470
bill,8,2471
marvels,8,2472
perceive,8,2473
carpet,8,2474
offer,8,2475
canoes,8,2476
bowsprit,8,2477
dismal,8,2478
sounded,8,2479
conclude,8,2480
frost,8,2481
instinct,8,2482
entering,8,2483
wretched,8,2484
connexion,8,2485
doors,8,2486
entry,8,2487
masses,8,2488
unnatural,8,2489
elements,8,2490
blasted,8,2491
spears,8,2492
glittering,8,2493
shaped,8,2494
ark,8,2495
ranged,8,2496
bitter,8,2497
settle,8,2498
couldn,8,2499
sheet,8,2500
concerned,8,2501
brown,8,2502
slipped,8,2503
bulkington,8,2504
seeming,8,2505
bachelor,8,2506
ought,8,2507
plane,8,2508
chair,8,2509
bolt,8,2510
keeps,8,2511
sell,8,2512
belongs,8,2513
highest,8,2514
respects,8,2515
stopped,8,2516
wouldn,8,2517
belonging,8,2518
containing,8,2519
infernal,8,2520
eagerness,8,2521
squares,8,2522
tattooed,8,2523
pockets,8,2524
screwed,8,2525
harm,8,2526
loving,8,2527
coloured,8,2528
explain,8,2529
sending,8,2530
dreams,8,2531
daring,8,2532
strove,8,2533
slight,8,2534
crushed,8,2535
operation,8,2536
joke,8,2537
backward,8,2538
western,8,2539
walk,8,2540
timid,8,2541
applied,8,2542
foreign,8,2543
august,8,2544
beautiful,8,2545
girls,8,2546
returning,8,2547
cloth,8,2548
congregation,8,2549
grief,8,2550
towed,8,2551
widow,8,2552
affected,8,2553
reading,8,2554
mistaken,8,2555
snowy,8,2556
plate,8,2557
authority,8,2558
ordered,8,2559
folded,8,2560
page,8,2561
chapters,8,2562
sin,8,2563
wherein,8,2564
joppa,8,2565
worthy,8,2566
slouched,8,2567
wrong,8,2568
runs,8,2569
thrice,8,2570
anguish,8,2571
finding,8,2572
receive,8,2573
learn,8,2574
motionless,8,2575
proud,8,2576
bosom,8,2577
peering,8,2578
popular,8,2579
desire,8,2580
sublime,8,2581
intensity,8,2582
phantoms,8,2583
lurked,8,2584
chat,8,2585
mechanically,8,2586
join,8,2587
knees,8,2588
rich,8,2589
serene,8,2590
sag,8,2591
bay,8,2592
flash,8,2593
throne,8,2594
intention,8,2595
grace,8,2596
unlike,8,2597
bowl,8,2598
proceeds,8,2599
parted,8,2600
boom,8,2601
handled,8,2602
panic,8,2603
shooting,8,2604
blade,8,2605
surrounded,8,2606
seasons,8,2607
fearless,8,2608
noah,8,2609
lady,8,2610
inasmuch,8,2611
accordingly,8,2612
material,8,2613
steered,8,2614
melancholy,8,2615
wigwam,8,2616
hearty,8,2617
obliquely,8,2618
spilled,8,2619
cruel,8,2620
exact,8,2621
eventually,8,2622
lucky,8,2623
landsman,8,2624
solemnly,8,2625
stepped,8,2626
withdrawing,8,2627
change,8,2628
lose,8,2629
typhoon,8,2630
dried,8,2631
issued,8,2632
cheer,8,2633
lone,8,2634
infinite,8,2635
compared,8,2636
distinctly,8,2637
author,8,2638
vitality,8,2639
lingering,8,2640
hundreds,8,2641
reasonable,8,2642
divine,8,2643
hammered,8,2644
happy,8,2645
agent,8,2646
lion,8,2647
securing,8,2648
brains,8,2649
taffrail,8,2650
traditions,8,2651
popularly,8,2652
layer,8,2653
pride,8,2654
heel,8,2655
tells,8,2656
leviathanic,8,2657
flat,8,2658
duodecimo,8,2659
anvil,8,2660
bestowed,8,2661
specially,8,2662
brute,8,2663
huzza,8,2664
fluid,8,2665
grandeur,8,2666
obedience,8,2667
daily,8,2668
swings,8,2669
chances,8,2670
preliminary,8,2671
comparatively,8,2672
vial,8,2673
contrivances,8,2674
admit,8,2675
wakes,8,2676
rocking,8,2677
inscrutable,8,2678
transparent,8,2679
specific,8,2680
measureless,8,2681
closer,8,2682
seize,8,2683
cup,8,2684
bubbles,8,2685
dig,8,2686
woven,8,2687
snap,8,2688
revenge,8,2689
rumors,8,2690
alarm,8,2691
beauty,8,2692
blank,8,2693
historical,8,2694
dashing,8,2695
solomon,8,2696
lashing,8,2697
loom,8,2698
perched,8,2699
tooth,8,2700
rowing,8,2701
gunwales,8,2702
worked,8,2703
waif,8,2704
published,8,2705
thigh,8,2706
storms,8,2707
equally,8,2708
fiend,8,2709
canallers,8,2710
hatchway,8,2711
bowsman,8,2712
tender,8,2713
wrecked,8,2714
balls,8,2715
snapped,8,2716
mayhew,8,2717
seals,8,2718
submerged,8,2719
organ,8,2720
heidelburgh,8,2721
vertebrae,8,2722
spinal,8,2723
vishnoo,8,2724
measured,8,2725
schools,8,2726
hey,8,2727
beer,8,2728
sneezes,8,2729
musket,8,2730
quadrant,8,2731
dan,7,2732
sub,7,2733
appears,7,2734
allusions,7,2735
splintered,7,2736
created,7,2737
bottomless,7,2738
holland,7,2739
visited,7,2740
catching,7,2741
sleeps,7,2742
breast,7,2743
flies,7,2744
v,7,2745
wears,7,2746
compare,7,2747
creation,7,2748
banks,7,2749
requires,7,2750
shores,7,2751
property,7,2752
er,7,2753
hang,7,2754
sized,7,2755
millions,7,2756
cooper,7,2757
possessed,7,2758
beale,7,2759
furious,7,2760
homeward,7,2761
discover,7,2762
arctic,7,2763
fisherman,7,2764
destruction,7,2765
purse,7,2766
stepping,7,2767
knocking,7,2768
surprising,7,2769
coral,7,2770
thence,7,2771
magnetic,7,2772
romantic,7,2773
charm,7,2774
needed,7,2775
surely,7,2776
honourable,7,2777
river,7,2778
grin,7,2779
everybody,7,2780
earnestly,7,2781
influences,7,2782
states,7,2783
coasts,7,2784
hooded,7,2785
destined,7,2786
everywhere,7,2787
blocks,7,2788
candle,7,2789
uses,7,2790
angel,7,2791
representing,7,2792
spouter,7,2793
burnt,7,2794
ended,7,2795
outside,7,2796
pillow,7,2797
privilege,7,2798
pit,7,2799
study,7,2800
oath,7,2801
chimney,7,2802
cracked,7,2803
angle,7,2804
diligently,7,2805
addressed,7,2806
funny,7,2807
shaggy,7,2808
woollen,7,2809
swore,7,2810
sober,7,2811
description,7,2812
wait,7,2813
shavings,7,2814
knot,7,2815
suit,7,2816
immediate,7,2817
pretend,7,2818
sunday,7,2819
stick,7,2820
passion,7,2821
stories,7,2822
zealand,7,2823
string,7,2824
stayed,7,2825
placing,7,2826
counterpane,7,2827
uncommonly,7,2828
commenced,7,2829
identical,7,2830
cords,7,2831
accomplished,7,2832
cheeks,7,2833
extraordinary,7,2834
bolted,7,2835
inexplicable,7,2836
baby,7,2837
polished,7,2838
increased,7,2839
shade,7,2840
reality,7,2841
sixteen,7,2842
voices,7,2843
dressed,7,2844
supernatural,7,2845
delicacy,7,2846
treated,7,2847
cheek,7,2848
andes,7,2849
flinging,7,2850
strangers,7,2851
coolly,7,2852
distinguished,7,2853
porpoises,7,2854
tablets,7,2855
eighteen,7,2856
infidel,7,2857
verdure,7,2858
grasping,7,2859
ascending,7,2860
joint,7,2861
furthermore,7,2862
faithful,7,2863
breakers,7,2864
shoes,7,2865
record,7,2866
joined,7,2867
pause,7,2868
cable,7,2869
wilful,7,2870
tarshish,7,2871
search,7,2872
busy,7,2873
prudent,7,2874
rings,7,2875
sunk,7,2876
false,7,2877
burden,7,2878
startled,7,2879
shows,7,2880
questions,7,2881
whirling,7,2882
bolts,7,2883
heed,7,2884
bidding,7,2885
truck,7,2886
hearth,7,2887
indifference,7,2888
dollars,7,2889
dividing,7,2890
quality,7,2891
elastic,7,2892
lands,7,2893
christians,7,2894
worlds,7,2895
alarmed,7,2896
immemorial,7,2897
nostrils,7,2898
glances,7,2899
shivering,7,2900
dragging,7,2901
utter,7,2902
animated,7,2903
powers,7,2904
pile,7,2905
blazing,7,2906
wings,7,2907
lays,7,2908
dull,7,2909
hurried,7,2910
energy,7,2911
herself,7,2912
hempen,7,2913
hereditary,7,2914
holds,7,2915
steed,7,2916
heavily,7,2917
vineyard,7,2918
retain,7,2919
religion,7,2920
tails,7,2921
unconsciously,7,2922
splice,7,2923
cloud,7,2924
mend,7,2925
yourselves,7,2926
reply,7,2927
doubloons,7,2928
lest,7,2929
gun,7,2930
girl,7,2931
incidentally,7,2932
haven,7,2933
laws,7,2934
custom,7,2935
presents,7,2936
loudly,7,2937
glistening,7,2938
ribbed,7,2939
fifth,7,2940
laughed,7,2941
shrouded,7,2942
bunch,7,2943
safety,7,2944
comfort,7,2945
expected,7,2946
necessary,7,2947
hailing,7,2948
eternally,7,2949
ranging,7,2950
coiling,7,2951
blindly,7,2952
agony,7,2953
facts,7,2954
egyptian,7,2955
chart,7,2956
mary,7,2957
conspicuous,7,2958
supply,7,2959
icy,7,2960
intelligence,7,2961
vicissitudes,7,2962
spectacle,7,2963
majestic,7,2964
danger,7,2965
nails,7,2966
coal,7,2967
bid,7,2968
calculated,7,2969
pivot,7,2970
noiseless,7,2971
band,7,2972
steersman,7,2973
pace,7,2974
pyramid,7,2975
fright,7,2976
veil,7,2977
ultimate,7,2978
promise,7,2979
macey,7,2980
argument,7,2981
coffins,7,2982
lurking,7,2983
obtained,7,2984
commonly,7,2985
structure,7,2986
corresponding,7,2987
exceed,7,2988
strictly,7,2989
delicate,7,2990
bottle,7,2991
peculiarity,7,2992
existence,7,2993
title,7,2994
vigilance,7,2995
problem,7,2996
intelligent,7,2997
colossal,7,2998
fits,7,2999
prior,7,3000
drawers,7,3001
hatch,7,3002
trumpet,7,3003
widely,7,3004
lightly,7,3005
mechanical,7,3006
fluke,7,3007
separately,7,3008
innermost,7,3009
socket,7,3010
sidelong,7,3011
hated,7,3012
consequence,7,3013
copper,7,3014
stretch,7,3015
fatality,7,3016
smitten,7,3017
flanks,7,3018
chasing,7,3019
ghosts,7,3020
charts,7,3021
equatorial,7,3022
trades,7,3023
adequately,7,3024
anchors,7,3025
squid,7,3026
apt,7,3027
weaving,7,3028
woof,7,3029
threads,7,3030
necessity,7,3031
technically,7,3032
hammers,7,3033
toss,7,3034
attitude,7,3035
plates,7,3036
curling,7,3037
ram,7,3038
headlong,7,3039
abandoned,7,3040
buoyant,7,3041
gam,7,3042
occur,7,3043
rigged,7,3044
prick,7,3045
signal,7,3046
murderer,7,3047
warning,7,3048
figures,7,3049
highly,7,3050
tons,7,3051
drooping,7,3052
ninety,7,3053
gentle,7,3054
java,7,3055
thickness,7,3056
straining,7,3057
spiracle,7,3058
contracting,7,3059
screw,7,3060
dey,7,3061
unctuous,7,3062
shoe,7,3063
contents,7,3064
feeder,7,3065
yarman,7,3066
spoutings,7,3067
breaths,7,3068
drugged,7,3069
frenchman,7,3070
monsieur,7,3071
enderby,7,3072
flip,7,3073
lbs,7,3074
shame,7,3075
seams,7,3076
extracts,6,3077
solely,6,3078
generations,6,3079
tears,6,3080
therein,6,3081
dragon,6,3082
gulf,6,3083
proceeded,6,3084
value,6,3085
dreadful,6,3086
patient,6,3087
peaceful,6,3088
browne,6,3089
garden,6,3090
swiftness,6,3091
attended,6,3092
note,6,3093
fold,6,3094
appear,6,3095
comparison,6,3096
avoid,6,3097
prevent,6,3098
barbed,6,3099
spires,6,3100
spouted,6,3101
language,6,3102
paint,6,3103
persons,6,3104
arch,6,3105
tales,6,3106
introduced,6,3107
owen,6,3108
york,6,3109
astonishment,6,3110
wheel,6,3111
onset,6,3112
application,6,3113
adventures,6,3114
laying,6,3115
male,6,3116
killer,6,3117
boundless,6,3118
pistol,6,3119
feelings,6,3120
commerce,6,3121
reveries,6,3122
unite,6,3123
minded,6,3124
deepest,6,3125
valley,6,3126
meadow,6,3127
cattle,6,3128
prairies,6,3129
travel,6,3130
invest,6,3131
passenger,6,3132
salted,6,3133
schoolmaster,6,3134
amount,6,3135
scales,6,3136
punch,6,3137
breathes,6,3138
fates,6,3139
recall,6,3140
portentous,6,3141
welcome,6,3142
quitting,6,3143
duly,6,3144
learning,6,3145
related,6,3146
wherever,6,3147
dreary,6,3148
steps,6,3149
rays,6,3150
remorseless,6,3151
tomb,6,3152
ash,6,3153
coffee,6,3154
copy,6,3155
universe,6,3156
sumatra,6,3157
czar,6,3158
scrape,6,3159
shades,6,3160
conclusion,6,3161
resemblance,6,3162
exasperated,6,3163
heathenish,6,3164
beams,6,3165
furiously,6,3166
parallel,6,3167
decent,6,3168
winding,6,3169
dumplings,6,3170
newly,6,3171
deeply,6,3172
announced,6,3173
entrance,6,3174
apartment,6,3175
finest,6,3176
sorry,6,3177
wrist,6,3178
spending,6,3179
awhile,6,3180
market,6,3181
yarn,6,3182
hears,6,3183
safe,6,3184
churches,6,3185
dreaming,6,3186
glanced,6,3187
outlandish,6,3188
blowing,6,3189
tumbled,6,3190
perfectly,6,3191
sticking,6,3192
remembered,6,3193
complexion,6,3194
tattooing,6,3195
produced,6,3196
ideas,6,3197
seal,6,3198
purple,6,3199
rascal,6,3200
embalmed,6,3201
removing,6,3202
handful,6,3203
accompanied,6,3204
symptoms,6,3205
tobacco,6,3206
waking,6,3207
crawl,6,3208
resurrection,6,3209
conscientious,6,3210
fears,6,3211
consciousness,6,3212
twain,6,3213
hatchet,6,3214
staff,6,3215
staring,6,3216
completed,6,3217
amazement,6,3218
brawny,6,3219
parlor,6,3220
stomach,6,3221
boarded,6,3222
jeopardy,6,3223
affrighted,6,3224
condition,6,3225
bony,6,3226
feat,6,3227
wedding,6,3228
recklessly,6,3229
refuse,6,3230
sunlight,6,3231
reigned,6,3232
shrieks,6,3233
steadfastly,6,3234
sister,6,3235
accidents,6,3236
perished,6,3237
cave,6,3238
secrets,6,3239
companies,6,3240
adam,6,3241
doubts,6,3242
eternity,6,3243
provided,6,3244
usually,6,3245
unnecessary,6,3246
scud,6,3247
azure,6,3248
likeness,6,3249
wrath,6,3250
gangway,6,3251
plunging,6,3252
relief,6,3253
swelled,6,3254
prayers,6,3255
seeks,6,3256
shipping,6,3257
fugitive,6,3258
confidence,6,3259
harmless,6,3260
contains,6,3261
allowed,6,3262
ceiling,6,3263
axis,6,3264
hangs,6,3265
asleep,6,3266
frightened,6,3267
overhead,6,3268
casting,6,3269
hath,6,3270
drops,6,3271
awaiting,6,3272
shown,6,3273
add,6,3274
bowing,6,3275
nineveh,6,3276
fled,6,3277
heavenly,6,3278
treacherous,6,3279
waving,6,3280
hide,6,3281
heeded,6,3282
presence,6,3283
serenity,6,3284
producing,6,3285
puff,6,3286
paper,6,3287
pagans,6,3288
veins,6,3289
wrists,6,3290
coronation,6,3291
moss,6,3292
assured,6,3293
inland,6,3294
fragrant,6,3295
feast,6,3296
majesty,6,3297
yelled,6,3298
capable,6,3299
crawling,6,3300
saved,6,3301
tables,6,3302
mightiest,6,3303
unconscious,6,3304
folds,6,3305
affairs,6,3306
steam,6,3307
resumed,6,3308
marching,6,3309
couple,6,3310
determined,6,3311
bearded,6,3312
retired,6,3313
emperor,6,3314
curiously,6,3315
fibres,6,3316
carving,6,3317
damned,6,3318
humorous,6,3319
accident,6,3320
timber,6,3321
audacious,6,3322
greatly,6,3323
jot,6,3324
header,6,3325
owner,6,3326
beside,6,3327
tone,6,3328
pen,6,3329
aware,6,3330
importance,6,3331
management,6,3332
vainly,6,3333
knowest,6,3334
corrupt,6,3335
advice,6,3336
leaky,6,3337
foes,6,3338
significance,6,3339
walked,6,3340
subjects,6,3341
knocked,6,3342
landlady,6,3343
abroad,6,3344
talking,6,3345
mile,6,3346
pushing,6,3347
probability,6,3348
meals,6,3349
health,6,3350
useless,6,3351
sagacious,6,3352
cooked,6,3353
twine,6,3354
odds,6,3355
stole,6,3356
alluded,6,3357
commanders,6,3358
sons,6,3359
handspikes,6,3360
whiskers,6,3361
pin,6,3362
grasped,6,3363
screaming,6,3364
push,6,3365
shudder,6,3366
pre,6,3367
slippery,6,3368
tapers,6,3369
archipelagoes,6,3370
due,6,3371
declare,6,3372
shiver,6,3373
prime,6,3374
rule,6,3375
gush,6,3376
enraged,6,3377
circumference,6,3378
personally,6,3379
encountering,6,3380
fun,6,3381
wrought,6,3382
battering,6,3383
village,6,3384
believed,6,3385
heedful,6,3386
americans,6,3387
military,6,3388
alabama,6,3389
heightened,6,3390
emotions,6,3391
mould,6,3392
scorched,6,3393
slender,6,3394
pitching,6,3395
persian,6,3396
cannon,6,3397
speechless,6,3398
tube,6,3399
locks,6,3400
bubble,6,3401
toes,6,3402
hereabouts,6,3403
launched,6,3404
covering,6,3405
serve,6,3406
science,6,3407
pig,6,3408
girth,6,3409
isolated,6,3410
sullen,6,3411
notwithstanding,6,3412
irregular,6,3413
breathing,6,3414
correct,6,3415
omen,6,3416
fed,6,3417
cash,6,3418
usages,6,3419
superiority,6,3420
empire,6,3421
swing,6,3422
reckoning,6,3423
dexterous,6,3424
derive,6,3425
lurk,6,3426
lounging,6,3427
insanity,6,3428
ox,6,3429
opposing,6,3430
shattered,6,3431
rights,6,3432
sucking,6,3433
hercules,6,3434
sunken,6,3435
vision,6,3436
pervading,6,3437
uprising,6,3438
flitting,6,3439
tides,6,3440
fiercely,6,3441
maul,6,3442
raises,6,3443
wrenched,6,3444
deed,6,3445
turkish,6,3446
foremast,6,3447
subterranean,6,3448
shivered,6,3449
swerve,6,3450
insufferable,6,3451
flow,6,3452
mothers,6,3453
hem,6,3454
carcase,6,3455
frigate,6,3456
braces,6,3457
pump,6,3458
dance,6,3459
file,6,3460
drown,6,3461
ripe,6,3462
tahiti,6,3463
clay,6,3464
violence,6,3465
recalled,6,3466
oftentimes,6,3467
probable,6,3468
darker,6,3469
considerations,6,3470
forked,6,3471
peculiarly,6,3472
potent,6,3473
pallor,6,3474
roar,6,3475
soundings,6,3476
comparative,6,3477
cabaco,6,3478
sleepers,6,3479
courses,6,3480
circular,6,3481
longitude,6,3482
month,6,3483
expand,6,3484
preceding,6,3485
extra,6,3486
resuming,6,3487
killing,6,3488
directed,6,3489
amazing,6,3490
reeled,6,3491
hurled,6,3492
swaying,6,3493
playing,6,3494
shuttle,6,3495
indolent,6,3496
jerking,6,3497
loggerhead,6,3498
betrayed,6,3499
stretching,6,3500
limb,6,3501
fond,6,3502
involve,6,3503
excitement,6,3504
silvery,6,3505
skulls,6,3506
dr,6,3507
lash,6,3508
claim,6,3509
crowding,6,3510
blinding,6,3511
slackened,6,3512
bury,6,3513
engravings,6,3514
numbers,6,3515
separated,6,3516
murdered,6,3517
twin,6,3518
chocks,6,3519
vibrating,6,3520
reflection,6,3521
churning,6,3522
forged,6,3523
links,6,3524
dies,6,3525
diminished,6,3526
shreds,6,3527
beheaded,6,3528
burned,6,3529
margin,6,3530
diving,6,3531
coil,6,3532
curled,6,3533
adrift,6,3534
pitchpoling,6,3535
masonry,6,3536
smiting,6,3537
sunda,6,3538
hovered,6,3539
plaintiffs,6,3540
bouton,6,3541
caw,6,3542
curse,6,3543
weaver,6,3544
cowards,6,3545
corpusants,6,3546
ding,6,3547
rachel,6,3548
handkerchief,5,3549
teach,5,3550
maketh,5,3551
dictionary,5,3552
latin,5,3553
worm,5,3554
random,5,3555
whatsoever,5,3556
profane,5,3557
clearing,5,3558
fishes,5,3559
mouthed,5,3560
raising,5,3561
pan,5,3562
extracted,5,3563
inward,5,3564
saith,5,3565
ruin,5,3566
artificial,5,3567
silly,5,3568
progress,5,3569
paradise,5,3570
promontory,5,3571
spitzbergen,5,3572
asia,5,3573
harris,5,3574
fable,5,3575
barrel,5,3576
gate,5,3577
stuffed,5,3578
animals,5,3579
write,5,3580
venture,5,3581
approach,5,3582
spain,5,3583
europe,5,3584
gallons,5,3585
baron,5,3586
degrees,5,3587
chace,5,3588
region,5,3589
hooked,5,3590
butt,5,3591
gleamed,5,3592
withdrawn,5,3593
shakes,5,3594
expanded,5,3595
competent,5,3596
frederick,5,3597
breaches,5,3598
preserved,5,3599
india,5,3600
ex,5,3601
emerged,5,3602
trucks,5,3603
extended,5,3604
branches,5,3605
funeral,5,3606
wharves,5,3607
surf,5,3608
crowds,5,3609
week,5,3610
limit,5,3611
pool,5,3612
wedded,5,3613
deliberate,5,3614
healthy,5,3615
vibration,5,3616
grasp,5,3617
passengers,5,3618
enjoy,5,3619
van,5,3620
transition,5,3621
assure,5,3622
thump,5,3623
castle,5,3624
atmosphere,5,3625
constant,5,3626
choice,5,3627
sway,5,3628
swayed,5,3629
saturday,5,3630
embark,5,3631
laden,5,3632
risk,5,3633
wisdom,5,3634
windows,5,3635
melted,5,3636
packed,5,3637
plight,5,3638
patched,5,3639
deserted,5,3640
proceeding,5,3641
public,5,3642
trap,5,3643
docks,5,3644
painting,5,3645
tempestuous,5,3646
euroclydon,5,3647
possess,5,3648
wight,5,3649
finished,5,3650
chips,5,3651
lazarus,5,3652
corn,5,3653
climes,5,3654
coals,5,3655
iceberg,5,3656
orphans,5,3657
inquiry,5,3658
arrive,5,3659
unimaginable,5,3660
theory,5,3661
aged,5,3662
thickly,5,3663
resembling,5,3664
dusky,5,3665
anchored,5,3666
rocked,5,3667
shelf,5,3668
rude,5,3669
goin,5,3670
depend,5,3671
stooping,5,3672
jackets,5,3673
tea,5,3674
afore,5,3675
grampus,5,3676
poured,5,3677
ridge,5,3678
revelry,5,3679
companions,5,3680
vile,5,3681
snug,5,3682
draught,5,3683
bedfellow,5,3684
demand,5,3685
induce,5,3686
lot,5,3687
cleared,5,3688
wash,5,3689
stooped,5,3690
furniture,5,3691
hooks,5,3692
sleeves,5,3693
doze,5,3694
knotted,5,3695
adventure,5,3696
ghastly,5,3697
slipping,5,3698
polite,5,3699
proceedings,5,3700
whoever,5,3701
satisfied,5,3702
blended,5,3703
befell,5,3704
calculating,5,3705
comical,5,3706
faced,5,3707
pickle,5,3708
goodness,5,3709
incessant,5,3710
style,5,3711
guilty,5,3712
regarding,5,3713
accustomed,5,3714
scraping,5,3715
carpenters,5,3716
lighter,5,3717
tropic,5,3718
zone,5,3719
maintained,5,3720
kindred,5,3721
imminent,5,3722
sallied,5,3723
forests,5,3724
axe,5,3725
belt,5,3726
downright,5,3727
hay,5,3728
throat,5,3729
nowhere,5,3730
omnipotent,5,3731
roses,5,3732
breathe,5,3733
musk,5,3734
errand,5,3735
sunny,5,3736
stubborn,5,3737
wives,5,3738
erected,5,3739
surprised,5,3740
incredulous,5,3741
census,5,3742
trance,5,3743
antique,5,3744
maintain,5,3745
joints,5,3746
replenished,5,3747
feature,5,3748
trace,5,3749
kneeling,5,3750
tones,5,3751
yarns,5,3752
billow,5,3753
deliverance,5,3754
obeying,5,3755
consists,5,3756
flee,5,3757
scorn,5,3758
disordered,5,3759
items,5,3760
smile,5,3761
innocent,5,3762
gamesome,5,3763
murderers,5,3764
coins,5,3765
apprehension,5,3766
suspected,5,3767
suspicions,5,3768
enters,5,3769
successful,5,3770
refuge,5,3771
boxes,5,3772
raging,5,3773
timbers,5,3774
sprung,5,3775
leaps,5,3776
speedy,5,3777
steep,5,3778
rearing,5,3779
upward,5,3780
shouting,5,3781
mob,5,3782
whereupon,5,3783
pardon,5,3784
pour,5,3785
salvation,5,3786
robes,5,3787
lifetime,5,3788
humming,5,3789
tokens,5,3790
ridiculous,5,3791
washington,5,3792
advances,5,3793
philosophers,5,3794
puffs,5,3795
phrase,5,3796
invited,5,3797
worshipping,5,3798
cosy,5,3799
pans,5,3800
identity,5,3801
aright,5,3802
congenial,5,3803
bend,5,3804
policy,5,3805
familiar,5,3806
specimen,5,3807
maternal,5,3808
dip,5,3809
mysteries,5,3810
cock,5,3811
schooner,5,3812
wheeling,5,3813
obliged,5,3814
boarding,5,3815
stately,5,3816
safely,5,3817
snuffed,5,3818
gaunt,5,3819
splinters,5,3820
revealing,5,3821
glorious,5,3822
mutual,5,3823
rome,5,3824
eagle,5,3825
navy,5,3826
assaults,5,3827
pirate,5,3828
thirds,5,3829
emperors,5,3830
road,5,3831
hosea,5,3832
gallows,5,3833
recently,5,3834
prospect,5,3835
rooms,5,3836
smoked,5,3837
herring,5,3838
benevolent,5,3839
decided,5,3840
cologne,5,3841
pertaining,5,3842
continuous,5,3843
fasten,5,3844
reverend,5,3845
tent,5,3846
slabs,5,3847
waved,5,3848
oaken,5,3849
net,5,3850
supposing,5,3851
marchant,5,3852
exclamation,5,3853
humorously,5,3854
expressed,5,3855
transom,5,3856
modified,5,3857
alien,5,3858
fighting,5,3859
nation,5,3860
drab,5,3861
exhausted,5,3862
clutch,5,3863
beard,5,3864
chin,5,3865
mumbling,5,3866
generous,5,3867
rust,5,3868
owned,5,3869
inquiring,5,3870
sorrow,5,3871
continue,5,3872
choose,5,3873
permitted,5,3874
collected,5,3875
pudding,5,3876
stirred,5,3877
blown,5,3878
cheerful,5,3879
enemy,5,3880
hinting,5,3881
christmas,5,3882
impression,5,3883
announcing,5,3884
deacon,5,3885
gracious,5,3886
lingered,5,3887
wasted,5,3888
massive,5,3889
faded,5,3890
complicated,5,3891
signed,5,3892
hav,5,3893
chaps,5,3894
somebody,5,3895
riveted,5,3896
pronounced,5,3897
extent,5,3898
harbors,5,3899
frequented,5,3900
exposed,5,3901
success,5,3902
arrival,5,3903
list,5,3904
article,5,3905
twilight,5,3906
wasn,5,3907
profoundest,5,3908
absence,5,3909
filling,5,3910
revolved,5,3911
weigh,5,3912
commanding,5,3913
chorus,5,3914
sheep,5,3915
drinking,5,3916
howled,5,3917
tear,5,3918
cedar,5,3919
tierce,5,3920
pound,5,3921
hulls,5,3922
glimpses,5,3923
procedure,5,3924
profession,5,3925
louis,5,3926
france,5,3927
expense,5,3928
heroes,5,3929
rounded,5,3930
hospitable,5,3931
associations,5,3932
antiquity,5,3933
towns,5,3934
queens,5,3935
process,5,3936
train,5,3937
transported,5,3938
tight,5,3939
inner,5,3940
fortitude,5,3941
qualities,5,3942
portents,5,3943
tend,5,3944
reliable,5,3945
useful,5,3946
occasions,5,3947
experiences,5,3948
horrors,5,3949
swart,5,3950
readiness,5,3951
anew,5,3952
numberless,5,3953
headsmen,5,3954
antarctic,5,3955
beasts,5,3956
superstitions,5,3957
earlier,5,3958
navies,5,3959
rocky,5,3960
islanders,5,3961
accompanying,5,3962
retreat,5,3963
ascended,5,3964
moods,5,3965
ascribed,5,3966
gloomy,5,3967
hairs,5,3968
allusion,5,3969
preternatural,5,3970
tranquilly,5,3971
dismasted,5,3972
posture,5,3973
oak,5,3974
haughty,5,3975
cracks,5,3976
strongest,5,3977
hissed,5,3978
kicking,5,3979
cane,5,3980
authorities,5,3981
linnaeus,5,3982
professional,5,3983
fabulous,5,3984
laborers,5,3985
anatomical,5,3986
quarters,5,3987
internal,5,3988
definition,5,3989
result,5,3990
vertical,5,3991
comprehend,5,3992
include,5,3993
literally,5,3994
nowadays,5,3995
designated,5,3996
varieties,5,3997
founded,5,3998
walks,5,3999
adieu,5,4000
preserve,5,4001
showing,5,4002
breaks,5,4003
dotted,5,4004
caps,5,4005
discernible,5,4006
colours,5,4007
junk,5,4008
official,5,4009
familiarly,5,4010
instantaneous,5,4011
remove,5,4012
irresistible,5,4013
potency,5,4014
observation,5,4015
strikes,5,4016
turk,5,4017
sits,5,4018
belshazzar,5,4019
inference,5,4020
forbade,5,4021
conversation,5,4022
inverted,5,4023
tolerable,5,4024
trembling,5,4025
produce,5,4026
credulous,5,4027
standers,5,4028
rain,5,4029
facing,5,4030
column,5,4031
invests,5,4032
admirable,5,4033
leather,5,4034
shoot,5,4035
guard,5,4036
sufficient,5,4037
vacant,5,4038
blending,5,4039
geological,5,4040
prints,5,4041
dents,5,4042
wheels,5,4043
tash,5,4044
fan,5,4045
jib,5,4046
increasing,5,4047
smote,5,4048
heaps,5,4049
fiends,5,4050
pewter,5,4051
leader,5,4052
volition,5,4053
emotion,5,4054
parties,5,4055
track,5,4056
mogul,5,4057
star,5,4058
butts,5,4059
oaths,5,4060
reclining,5,4061
shifted,5,4062
springing,5,4063
squalls,5,4064
doubted,5,4065
pursuing,5,4066
spaces,5,4067
pursuers,5,4068
groves,5,4069
unharmed,5,4070
imagination,5,4071
unwonted,5,4072
creamy,5,4073
dismay,5,4074
impelled,5,4075
delirium,5,4076
stun,5,4077
subsided,5,4078
namely,5,4079
counted,5,4080
curses,5,4081
priests,5,4082
furthest,5,4083
witness,5,4084
mildness,5,4085
celestial,5,4086
assuming,5,4087
goney,5,4088
whisper,5,4089
leathern,5,4090
flaming,5,4091
flashing,5,4092
countless,5,4093
aspects,5,4094
omitted,5,4095
phenomenon,5,4096
trick,5,4097
pondering,5,4098
buckets,5,4099
archy,5,4100
pencil,5,4101
horizontally,5,4102
undeviating,5,4103
embraces,5,4104
remark,5,4105
zodiac,5,4106
consumed,5,4107
clenched,5,4108
intolerably,5,4109
assumed,5,4110
incident,5,4111
hieroglyphics,5,4112
guinea,5,4113
langsdorff,5,4114
lazily,5,4115
chinese,5,4116
bite,5,4117
chip,5,4118
rooted,5,4119
palm,5,4120
bade,5,4121
loomed,5,4122
semi,5,4123
straightened,5,4124
successive,5,4125
instinctively,5,4126
struggling,5,4127
watched,5,4128
tap,5,4129
vengeful,5,4130
suffering,5,4131
advantage,5,4132
midway,5,4133
englishman,5,4134
detail,5,4135
wheeled,5,4136
narrated,5,4137
pedro,5,4138
manilla,5,4139
contain,5,4140
afforded,5,4141
snatched,5,4142
billiard,5,4143
surrender,5,4144
sullenly,5,4145
topmost,5,4146
source,5,4147
talked,5,4148
hindoo,5,4149
chain,5,4150
excepting,5,4151
profile,5,4152
miracle,5,4153
swarming,5,4154
bishop,5,4155
vapoury,5,4156
paddles,5,4157
forwards,5,4158
backwards,5,4159
uttermost,5,4160
unusually,5,4161
toiled,5,4162
lanterns,5,4163
helping,5,4164
tough,5,4165
critters,5,4166
infants,5,4167
mouldy,5,4168
calves,5,4169
amber,5,4170
flashes,5,4171
afar,5,4172
attentively,5,4173
cheering,5,4174
descended,5,4175
unconditional,5,4176
plague,5,4177
opportunity,5,4178
reckless,5,4179
situation,5,4180
contained,5,4181
oakum,5,4182
governor,5,4183
valleys,5,4184
reader,5,4185
shower,5,4186
rescue,5,4187
cavity,5,4188
jungfrau,5,4189
neared,5,4190
entangled,5,4191
barb,5,4192
defendants,5,4193
bud,5,4194
odor,5,4195
impatient,5,4196
mincer,5,4197
severe,5,4198
tranquo,5,4199
tranque,5,4200
skeletons,5,4201
basket,5,4202
survive,5,4203
hawk,5,4204
reminded,4,4205
webster,4,4206
danish,4,4207
nuee,4,4208
picking,4,4209
statements,4,4210
veritable,4,4211
authors,4,4212
convivial,4,4213
storied,4,4214
piercing,4,4215
serpent,4,4216
slay,4,4217
chaos,4,4218
beast,4,4219
liver,4,4220
restless,4,4221
william,4,4222
hugest,4,4223
gills,4,4224
thomas,4,4225
sporting,4,4226
climb,4,4227
eighty,4,4228
informed,4,4229
abundance,4,4230
northward,4,4231
trust,4,4232
contemptible,4,4233
johnson,4,4234
endeavor,4,4235
iceland,4,4236
address,4,4237
tenth,4,4238
branch,4,4239
colnett,4,4240
gather,4,4241
triumph,4,4242
pasture,4,4243
gothic,4,4244
attacked,4,4245
cracking,4,4246
habits,4,4247
cachalot,4,4248
bennett,4,4249
ay,4,4250
j,4,4251
horrid,4,4252
assault,4,4253
missionary,4,4254
portion,4,4255
speech,4,4256
failed,4,4257
curved,4,4258
voyager,4,4259
root,4,4260
naturalist,4,4261
distended,4,4262
hats,4,4263
insular,4,4264
washed,4,4265
breezes,4,4266
dreamy,4,4267
sabbath,4,4268
slip,4,4269
experiment,4,4270
professor,4,4271
meditation,4,4272
artist,4,4273
desires,4,4274
scores,4,4275
handfuls,4,4276
trip,4,4277
deity,4,4278
inferred,4,4279
distinction,4,4280
respectfully,4,4281
egyptians,4,4282
enable,4,4283
satisfaction,4,4284
physical,4,4285
penny,4,4286
gets,4,4287
interlude,4,4288
motives,4,4289
induced,4,4290
attending,4,4291
patagonian,4,4292
friendly,4,4293
conceits,4,4294
december,4,4295
aboriginal,4,4296
adventurous,4,4297
sloop,4,4298
halting,4,4299
careless,4,4300
preacher,4,4301
text,4,4302
backing,4,4303
gable,4,4304
paul,4,4305
plug,4,4306
frosty,4,4307
palace,4,4308
condemned,4,4309
viewed,4,4310
series,4,4311
visits,4,4312
understanding,4,4313
confounded,4,4314
limber,4,4315
distracted,4,4316
indefinite,4,4317
primal,4,4318
design,4,4319
tufted,4,4320
trod,4,4321
coach,4,4322
poison,4,4323
meridians,4,4324
divers,4,4325
headway,4,4326
summoned,4,4327
tallow,4,4328
button,4,4329
cups,4,4330
scalding,4,4331
suspicious,4,4332
reported,4,4333
offing,4,4334
enveloped,4,4335
ragged,4,4336
gin,4,4337
sovereign,4,4338
spoil,4,4339
refrained,4,4340
virginia,4,4341
favourite,4,4342
pondered,4,4343
presume,4,4344
linen,4,4345
tumble,4,4346
cant,4,4347
rough,4,4348
vigorously,4,4349
march,4,4350
sufferable,4,4351
boarders,4,4352
peddling,4,4353
spinning,4,4354
render,4,4355
fetching,4,4356
slept,4,4357
offering,4,4358
parcel,4,4359
stained,4,4360
wearing,4,4361
tropical,4,4362
difficulty,4,4363
beaver,4,4364
convinced,4,4365
ebony,4,4366
sets,4,4367
scorching,4,4368
badly,4,4369
comprehended,4,4370
sabbee,4,4371
puffing,4,4372
charitable,4,4373
politely,4,4374
affectionate,4,4375
pressure,4,4376
rattling,4,4377
fallen,4,4378
frame,4,4379
stir,4,4380
attempts,4,4381
wriggling,4,4382
rubbing,4,4383
dress,4,4384
crush,4,4385
strangest,4,4386
dented,4,4387
begged,4,4388
razor,4,4389
striding,4,4390
mirror,4,4391
achieved,4,4392
accosted,4,4393
keepers,4,4394
attaining,4,4395
reflections,4,4396
warrior,4,4397
ceremony,4,4398
stroll,4,4399
astonished,4,4400
malays,4,4401
corners,4,4402
snatch,4,4403
sheath,4,4404
bumpkin,4,4405
reputation,4,4406
buttons,4,4407
straps,4,4408
fathers,4,4409
daughters,4,4410
lengths,4,4411
flowers,4,4412
bloom,4,4413
fought,4,4414
widows,4,4415
desolation,4,4416
wondering,4,4417
unrecorded,4,4418
beloved,4,4419
proverb,4,4420
insurance,4,4421
meanings,4,4422
feeds,4,4423
eve,4,4424
cheers,4,4425
gleams,4,4426
maritime,4,4427
absorbed,4,4428
area,4,4429
impregnable,4,4430
shed,4,4431
bluff,4,4432
sermon,4,4433
prayer,4,4434
devout,4,4435
dolphin,4,4436
ensued,4,4437
awakened,4,4438
sinners,4,4439
conveyed,4,4440
oftener,4,4441
endeavors,4,4442
countries,4,4443
cadiz,4,4444
suspicion,4,4445
desist,4,4446
sees,4,4447
intuitions,4,4448
desk,4,4449
darts,4,4450
test,4,4451
contracted,4,4452
permanent,4,4453
burns,4,4454
reeling,4,4455
drags,4,4456
cables,4,4457
recorded,4,4458
meanest,4,4459
aghast,4,4460
attitudes,4,4461
oily,4,4462
shoots,4,4463
model,4,4464
slanting,4,4465
gladly,4,4466
eddying,4,4467
sucked,4,4468
beaten,4,4469
shells,4,4470
preach,4,4471
castaway,4,4472
interrupted,4,4473
counting,4,4474
pages,4,4475
multitude,4,4476
jupiter,4,4477
philosophy,4,4478
philosopher,4,4479
maddened,4,4480
courtesy,4,4481
genial,4,4482
distrusted,4,4483
groping,4,4484
infallible,4,4485
magnanimous,4,4486
consequently,4,4487
sociable,4,4488
noses,4,4489
exists,4,4490
crystal,4,4491
household,4,4492
christendom,4,4493
unconquerable,4,4494
untutored,4,4495
vow,4,4496
quitted,4,4497
reef,4,4498
paddle,4,4499
threatened,4,4500
prince,4,4501
happily,4,4502
infinitely,4,4503
propose,4,4504
promising,4,4505
share,4,4506
acquainted,4,4507
embraced,4,4508
barrow,4,4509
mowers,4,4510
shifting,4,4511
punchbowl,4,4512
guests,4,4513
bride,4,4514
banquet,4,4515
wandering,4,4516
fires,4,4517
bracing,4,4518
tartar,4,4519
lubber,4,4520
marvelled,4,4521
miraculous,4,4522
capting,4,4523
twisting,4,4524
disdain,4,4525
snapping,4,4526
jerk,4,4527
lifeless,4,4528
humane,4,4529
brine,4,4530
adhering,4,4531
clothed,4,4532
dreaded,4,4533
gull,4,4534
snugly,4,4535
insisted,4,4536
peaceable,4,4537
brisk,4,4538
scolding,4,4539
relics,4,4540
kitchen,4,4541
explained,4,4542
bethinking,4,4543
announcement,4,4544
flavor,4,4545
fishy,4,4546
vertebra,4,4547
happening,4,4548
esteem,4,4549
succeed,4,4550
fasting,4,4551
sauntering,4,4552
indians,4,4553
peered,4,4554
footed,4,4555
stiffly,4,4556
principal,4,4557
tendons,4,4558
triangular,4,4559
muscles,4,4560
innocence,4,4561
distrustful,4,4562
clapped,4,4563
clap,4,4564
chewed,4,4565
ferocity,4,4566
rid,4,4567
stocks,4,4568
inhabitants,4,4569
singularly,4,4570
blend,4,4571
unworthy,4,4572
globular,4,4573
vest,4,4574
career,4,4575
nap,4,4576
spectacles,4,4577
studying,4,4578
willing,4,4579
respective,4,4580
fireside,4,4581
reward,4,4582
goat,4,4583
agitated,4,4584
twas,4,4585
swearing,4,4586
laughing,4,4587
impatience,4,4588
stool,4,4589
stated,4,4590
maid,4,4591
vinegar,4,4592
cruet,4,4593
pry,4,4594
clapping,4,4595
spoiled,4,4596
hams,4,4597
listening,4,4598
ours,4,4599
nonsense,4,4600
argued,4,4601
apple,4,4602
nurtured,4,4603
dyspepsia,4,4604
hopelessly,4,4605
profit,4,4606
converted,4,4607
deuteronomy,4,4608
hasn,4,4609
belief,4,4610
hauling,4,4611
retreated,4,4612
claps,4,4613
flowed,4,4614
altar,4,4615
losing,4,4616
prophecy,4,4617
chancing,4,4618
imagine,4,4619
betokened,4,4620
hurrying,4,4621
nut,4,4622
doctors,4,4623
comprising,4,4624
fuel,4,4625
aunt,4,4626
absolute,4,4627
stationary,4,4628
marking,4,4629
sticks,4,4630
soothed,4,4631
attracted,4,4632
appearances,4,4633
recovered,4,4634
farewell,4,4635
tusks,4,4636
store,4,4637
juncture,4,4638
loath,4,4639
depart,4,4640
eastern,4,4641
locker,4,4642
memories,4,4643
bitterest,4,4644
intrepid,4,4645
perish,4,4646
craven,4,4647
grimly,4,4648
perishing,4,4649
miscellaneous,4,4650
butchers,4,4651
alleged,4,4652
granting,4,4653
veteran,4,4654
lamps,4,4655
personal,4,4656
harvest,4,4657
assert,4,4658
operated,4,4659
momentous,4,4660
muskets,4,4661
willingly,4,4662
dared,4,4663
peru,4,4664
enlightened,4,4665
infancy,4,4666
threshold,4,4667
glowing,4,4668
imposing,4,4669
grant,4,4670
walled,4,4671
possibility,4,4672
ascribe,4,4673
regal,4,4674
knights,4,4675
adapted,4,4676
ale,4,4677
steadfast,4,4678
tame,4,4679
reverence,4,4680
superstition,4,4681
latent,4,4682
deeps,4,4683
reveal,4,4684
expose,4,4685
tragic,4,4686
perchance,4,4687
mounts,4,4688
toiling,4,4689
driver,4,4690
cheerily,4,4691
impious,4,4692
succession,4,4693
lighting,4,4694
martha,4,4695
destroy,4,4696
likened,4,4697
neighboring,4,4698
generic,4,4699
sable,4,4700
rounding,4,4701
arrow,4,4702
tawny,4,4703
tread,4,4704
socks,4,4705
corporeal,4,4706
herein,4,4707
augment,4,4708
continent,4,4709
supreme,4,4710
apprehensiveness,4,4711
biting,4,4712
unalterable,4,4713
grooves,4,4714
branded,4,4715
scar,4,4716
affect,4,4717
overbearing,4,4718
mizzen,4,4719
gestures,4,4720
loftiest,4,4721
elapsed,4,4722
ringing,4,4723
agencies,4,4724
linked,4,4725
quietude,4,4726
din,4,4727
wad,4,4728
begone,4,4729
brick,4,4730
principles,4,4731
planting,4,4732
soliloquized,4,4733
ignorantly,4,4734
fullest,4,4735
vapours,4,4736
haired,4,4737
muttering,4,4738
classification,4,4739
research,4,4740
anatomy,4,4741
outline,4,4742
foundations,4,4743
follows,4,4744
walrus,4,4745
cogent,4,4746
deny,4,4747
divide,4,4748
iv,4,4749
sulphur,4,4750
vaguely,4,4751
accidentally,4,4752
ounce,4,4753
notion,4,4754
portly,4,4755
surrounding,4,4756
denominated,4,4757
correctly,4,4758
practicable,4,4759
pack,4,4760
distinguish,4,4761
oldest,4,4762
quarto,4,4763
varying,4,4764
dimensions,4,4765
wax,4,4766
deer,4,4767
thames,4,4768
mealy,4,4769
plump,4,4770
buckle,4,4771
fishers,4,4772
stem,4,4773
begun,4,4774
posterity,4,4775
patience,4,4776
arising,4,4777
class,4,4778
nominally,4,4779
merchantmen,4,4780
relaxed,4,4781
detailed,4,4782
intellectual,4,4783
assume,4,4784
inert,4,4785
idiot,4,4786
ringed,4,4787
moves,4,4788
denied,4,4789
tidings,4,4790
mizen,4,4791
music,4,4792
dined,4,4793
tasted,4,4794
admitted,4,4795
pallid,4,4796
relish,4,4797
bankrupt,4,4798
periodical,4,4799
crosswise,4,4800
ugly,4,4801
ostentatiously,4,4802
admiral,4,4803
madly,4,4804
item,4,4805
tropics,4,4806
thickest,4,4807
glued,4,4808
envelope,4,4809
nautical,4,4810
rifle,4,4811
successfully,4,4812
resistance,4,4813
fisheries,4,4814
luckless,4,4815
visual,4,4816
loses,4,4817
sprinkled,4,4818
fixedly,4,4819
shell,4,4820
inserting,4,4821
shout,4,4822
skirts,4,4823
lustre,4,4824
whosoever,4,4825
hearties,4,4826
maelstrom,4,4827
reasoning,4,4828
glow,4,4829
spotted,4,4830
brimming,4,4831
swallows,4,4832
forthwith,4,4833
darkly,4,4834
revolve,4,4835
whereon,4,4836
unsounded,4,4837
glassy,4,4838
howl,4,4839
predestinated,4,4840
crying,4,4841
jig,4,4842
sulky,4,4843
pagoda,4,4844
manx,4,4845
grapes,4,4846
streams,4,4847
villages,4,4848
guns,4,4849
heartily,4,4850
whirled,4,4851
prospects,4,4852
shirr,4,4853
stronger,4,4854
mischief,4,4855
devouring,4,4856
encounters,4,4857
timidity,4,4858
inevitably,4,4859
referred,4,4860
wrecks,4,4861
apparent,4,4862
disasters,4,4863
bridal,4,4864
venetian,4,4865
torments,4,4866
stirs,4,4867
mortar,4,4868
monomania,4,4869
tranquil,4,4870
flows,4,4871
flowing,4,4872
profundities,4,4873
nobler,4,4874
towers,4,4875
essence,4,4876
captive,4,4877
sire,4,4878
justice,4,4879
fidelity,4,4880
redness,4,4881
imparts,4,4882
stagger,4,4883
plumage,4,4884
conceivable,4,4885
glories,4,4886
palpable,4,4887
cards,4,4888
saddest,4,4889
respectively,4,4890
examples,4,4891
starts,4,4892
desolate,4,4893
exist,4,4894
heartless,4,4895
statement,4,4896
cautious,4,4897
hopes,4,4898
escaping,4,4899
glared,4,4900
prometheus,4,4901
serpents,4,4902
regions,4,4903
havoc,4,4904
systematically,4,4905
significantly,4,4906
severest,4,4907
speaks,4,4908
peremptorily,4,4909
russian,4,4910
gravity,4,4911
examine,4,4912
purchased,4,4913
shaken,4,4914
earthquake,4,4915
verily,4,4916
propontis,4,4917
subsequently,4,4918
tools,4,4919
manifested,4,4920
disposed,4,4921
wrest,4,4922
protection,4,4923
atmospheric,4,4924
maker,4,4925
idly,4,4926
shapes,4,4927
alternating,4,4928
cliffs,4,4929
clung,4,4930
plaited,4,4931
addressing,4,4932
pounds,4,4933
spikes,4,4934
confident,4,4935
tendency,4,4936
outstretched,4,4937
intensely,4,4938
fling,4,4939
furnishing,4,4940
bearer,4,4941
thumb,4,4942
partially,4,4943
concentrated,4,4944
pierced,4,4945
stamped,4,4946
crazed,4,4947
incessantly,4,4948
necks,4,4949
organs,4,4950
sharper,4,4951
fever,4,4952
overheard,4,4953
stirring,4,4954
hissing,4,4955
collapsed,4,4956
contrived,4,4957
disaster,4,4958
supplementary,4,4959
burial,4,4960
frock,4,4961
whaleboats,4,4962
supposition,4,4963
winged,4,4964
pleasure,4,4965
stays,4,4966
issue,4,4967
tale,4,4968
helpless,4,4969
diminish,4,4970
contribute,4,4971
ducking,4,4972
exclamations,4,4973
handling,4,4974
erie,4,4975
tempered,4,4976
require,4,4977
rippling,4,4978
bubbling,4,4979
heap,4,4980
rad,4,4981
gasping,4,4982
panting,4,4983
club,4,4984
chicha,4,4985
crowded,4,4986
depicted,4,4987
barricade,4,4988
refused,4,4989
crescentic,4,4990
allies,4,4991
insure,4,4992
counsel,4,4993
begging,4,4994
compact,4,4995
assist,4,4996
laborious,4,4997
yoked,4,4998
portrait,4,4999
andromeda,4,5000
universally,4,5001
italian,4,5002
benefit,4,5003
dromedary,4,5004
drawings,4,5005
paintings,4,5006
garnery,4,5007
engraving,4,5008
becalmed,4,5009
defined,4,5010
armies,4,5011
suspend,4,5012
disengaged,4,5013
fastening,4,5014
quill,4,5015
intricacies,4,5016
composing,4,5017
buoyancy,4,5018
graceful,4,5019
ceaseless,4,5020
waning,4,5021
spasmodically,4,5022
invariable,4,5023
expect,4,5024
enterprise,4,5025
budge,4,5026
whereof,4,5027
reminds,4,5028
scraps,4,5029
stages,4,5030
cluster,4,5031
constantly,4,5032
peeled,4,5033
longing,4,5034
faster,4,5035
apprised,4,5036
rendering,4,5037
riotous,4,5038
tumbling,4,5039
jamming,4,5040
gasp,4,5041
quivering,4,5042
altering,4,5043
fountains,4,5044
contemporary,4,5045
savor,4,5046
cork,4,5047
unobstructed,4,5048
tendinous,4,5049
leaks,4,5050
wilderness,4,5051
cistern,4,5052
harder,4,5053
heedless,4,5054
pleated,4,5055
crater,4,5056
reversed,4,5057
pod,4,5058
parchment,4,5059
humped,4,5060
ache,4,5061
moisture,4,5062
helplessly,4,5063
akin,4,5064
reptile,4,5065
strict,4,5066
shallow,4,5067
turks,4,5068
unctuousness,4,5069
unmolested,4,5070
breach,4,5071
remorselessly,4,5072
embracing,4,5073
pods,4,5074
vaults,4,5075
cub,4,5076
serenely,4,5077
ottoman,4,5078
erskine,4,5079
warden,4,5080
uppermost,4,5081
velvet,4,5082
slack,4,5083
squeezing,4,5084
swears,4,5085
replaced,4,5086
gorgeous,4,5087
tops,4,5088
mounttop,4,5089
arsacidean,4,5090
clifford,4,5091
fossil,4,5092
tertiary,4,5093
defiance,4,5094
shop,4,5095
riddle,4,5096
burtons,4,5097
oblivious,4,5098
wert,4,5099
lucifers,4,5100
hearses,4,5101
caulking,4,5102
cherries,4,5103
embellished,3,5104
loved,3,5105
h,3,5106
deliver,3,5107
hackluyt,3,5108
wallow,3,5109
cetus,3,5110
icelandic,3,5111
authentic,3,5112
poets,3,5113
appearing,3,5114
unpleasant,3,5115
tuileries,3,5116
shine,3,5117
sore,3,5118
acres,3,5119
security,3,5120
annals,3,5121
seethe,3,5122
ibid,3,5123
parmacetti,3,5124
henry,3,5125
spermacetti,3,5126
justly,3,5127
sperma,3,5128
ceti,3,5129
grove,3,5130
pilgrim,3,5131
fry,3,5132
gaping,3,5133
purchas,3,5134
circumnavigation,3,5135
jonas,3,5136
sibbald,3,5137
agreed,3,5138
chosen,3,5139
oft,3,5140
goldsmith,3,5141
terrify,3,5142
edmund,3,5143
burke,3,5144
parliament,3,5145
grounded,3,5146
sturgeon,3,5147
blackstone,3,5148
sport,3,5149
repair,3,5150
unerring,3,5151
shone,3,5152
vault,3,5153
floundered,3,5154
insect,3,5155
waste,3,5156
fangs,3,5157
obed,3,5158
macy,3,5159
cottage,3,5160
tom,3,5161
rainbows,3,5162
essex,3,5163
attacks,3,5164
commercial,3,5165
abundant,3,5166
possessing,3,5167
disposition,3,5168
ross,3,5169
national,3,5170
population,3,5171
adding,3,5172
wealth,3,5173
industry,3,5174
mutineer,3,5175
haunts,3,5176
scanning,3,5177
expanse,3,5178
enrolled,3,5179
miriam,3,5180
powerful,3,5181
unbroken,3,5182
female,3,5183
terra,3,5184
threatening,3,5185
moral,3,5186
methodically,3,5187
substitute,3,5188
flourish,3,5189
throws,3,5190
belted,3,5191
battery,3,5192
mole,3,5193
posted,3,5194
plaster,3,5195
clinched,3,5196
avenues,3,5197
lakes,3,5198
athirst,3,5199
landscape,3,5200
hermit,3,5201
tranced,3,5202
wade,3,5203
buy,3,5204
robust,3,5205
rivers,3,5206
habit,3,5207
abandon,3,5208
respectable,3,5209
brigs,3,5210
broiled,3,5211
pyramids,3,5212
established,3,5213
hunks,3,5214
broom,3,5215
weighed,3,5216
paying,3,5217
uncomfortable,3,5218
receives,3,5219
perdition,3,5220
exercise,3,5221
maxim,3,5222
suspect,3,5223
repeatedly,3,5224
smelt,3,5225
providence,3,5226
extensive,3,5227
performances,3,5228
shabby,3,5229
springs,3,5230
performing,3,5231
roused,3,5232
barbarous,3,5233
inmates,3,5234
processions,3,5235
tucked,3,5236
disappointed,3,5237
packet,3,5238
boisterous,3,5239
dubious,3,5240
cheerless,3,5241
comparing,3,5242
lodge,3,5243
inquire,3,5244
glare,3,5245
inns,3,5246
smoky,3,5247
choked,3,5248
gomorrah,3,5249
weeping,3,5250
forlorn,3,5251
creaking,3,5252
faintly,3,5253
misty,3,5254
underneath,3,5255
ominous,3,5256
district,3,5257
bleak,3,5258
extant,3,5259
lookest,3,5260
rags,3,5261
dives,3,5262
silken,3,5263
pooh,3,5264
neighbors,3,5265
ambitious,3,5266
endeavored,3,5267
dint,3,5268
puzzled,3,5269
attained,3,5270
fancies,3,5271
based,3,5272
conversed,3,5273
hurricane,3,5274
weltering,3,5275
impaling,3,5276
array,3,5277
knots,3,5278
shuddered,3,5279
implement,3,5280
rusty,3,5281
deformed,3,5282
elbowed,3,5283
travelled,3,5284
dusty,3,5285
nooks,3,5286
abominable,3,5287
goblets,3,5288
specimens,3,5289
skrimshander,3,5290
tapping,3,5291
sharing,3,5292
meal,3,5293
substantial,3,5294
aint,3,5295
eats,3,5296
likes,3,5297
latest,3,5298
coats,3,5299
beards,3,5300
labrador,3,5301
cure,3,5302
dazzling,3,5303
unobserved,3,5304
indefinitely,3,5305
gathering,3,5306
knock,3,5307
prejudices,3,5308
twos,3,5309
threes,3,5310
tickled,3,5311
comprehension,3,5312
towering,3,5313
whittling,3,5314
delay,3,5315
tending,3,5316
intimate,3,5317
madman,3,5318
knowingly,3,5319
liable,3,5320
prosecution,3,5321
sold,3,5322
folks,3,5323
pays,3,5324
nice,3,5325
sal,3,5326
almighty,3,5327
abreast,3,5328
folding,3,5329
papered,3,5330
satisfactory,3,5331
ornamented,3,5332
edges,3,5333
slit,3,5334
guise,3,5335
hamper,3,5336
undressed,3,5337
ado,3,5338
pantaloons,3,5339
nod,3,5340
glimmer,3,5341
peddler,3,5342
averted,3,5343
purplish,3,5344
dreadfully,3,5345
tanning,3,5346
fumbling,3,5347
bald,3,5348
heathen,3,5349
grego,3,5350
hunch,3,5351
glistened,3,5352
sooty,3,5353
snatches,3,5354
praying,3,5355
psalmody,3,5356
twitched,3,5357
carelessly,3,5358
operations,3,5359
ee,3,5360
drunken,3,5361
stash,3,5362
complied,3,5363
labyrinth,3,5364
hues,3,5365
longest,3,5366
favour,3,5367
puzzle,3,5368
strangeness,3,5369
tightly,3,5370
misgivings,3,5371
narrowly,3,5372
minus,3,5373
sundry,3,5374
limping,3,5375
accelerate,3,5376
dipped,3,5377
proudly,3,5378
marshal,3,5379
cherished,3,5380
skylarking,3,5381
allow,3,5382
coopers,3,5383
blacksmiths,3,5384
musky,3,5385
satin,3,5386
bleached,3,5387
withal,3,5388
slope,3,5389
scotch,3,5390
sledge,3,5391
mode,3,5392
preparing,3,5393
estimation,3,5394
withdrew,3,5395
inseparable,3,5396
seaport,3,5397
queerest,3,5398
yankees,3,5399
natives,3,5400
beats,3,5401
actual,3,5402
outright,3,5403
stare,3,5404
unheeded,3,5405
hampshire,3,5406
tailed,3,5407
girdled,3,5408
dandy,3,5409
buckskin,3,5410
bitterly,3,5411
visitors,3,5412
gardens,3,5413
flowery,3,5414
alexander,3,5415
perform,3,5416
barren,3,5417
odorous,3,5418
sands,3,5419
purposely,3,5420
incommunicable,3,5421
chaplain,3,5422
masoned,3,5423
tablet,3,5424
frigid,3,5425
inscriptions,3,5426
assembled,3,5427
afresh,3,5428
marbles,3,5429
immovable,3,5430
bliss,3,5431
hush,3,5432
oysters,3,5433
lees,3,5434
robustness,3,5435
umbrella,3,5436
carriage,3,5437
seriously,3,5438
acted,3,5439
mounting,3,5440
handsome,3,5441
worsted,3,5442
rounds,3,5443
tricks,3,5444
isolation,3,5445
borrowed,3,5446
nelson,3,5447
beak,3,5448
leads,3,5449
earliest,3,5450
invoked,3,5451
foundering,3,5452
fog,3,5453
maw,3,5454
distress,3,5455
joyful,3,5456
clinch,3,5457
pregnant,3,5458
surging,3,5459
teaches,3,5460
sinful,3,5461
punishment,3,5462
repentance,3,5463
commands,3,5464
persuade,3,5465
reign,3,5466
syrian,3,5467
westward,3,5468
burglar,3,5469
arrested,3,5470
dodging,3,5471
cargo,3,5472
essays,3,5473
whispers,3,5474
harry,3,5475
belike,3,5476
frighted,3,5477
hurriedly,3,5478
stab,3,5479
openly,3,5480
laughs,3,5481
cells,3,5482
wards,3,5483
levels,3,5484
chambers,3,5485
pricking,3,5486
annihilation,3,5487
prodigy,3,5488
misery,3,5489
drowning,3,5490
casts,3,5491
shrieking,3,5492
yelling,3,5493
thunders,3,5494
trampling,3,5495
tumult,3,5496
occupation,3,5497
hebrew,3,5498
appalled,3,5499
pitiful,3,5500
yawning,3,5501
weighty,3,5502
weep,3,5503
grateful,3,5504
copied,3,5505
spake,3,5506
press,3,5507
appal,3,5508
preaching,3,5509
kelson,3,5510
benediction,3,5511
vacantly,3,5512
gurgling,3,5513
count,3,5514
brighter,3,5515
phrenologically,3,5516
retreating,3,5517
developed,3,5518
enlarge,3,5519
planet,3,5520
preserving,3,5521
soothing,3,5522
kindness,3,5523
proposed,3,5524
married,3,5525
rules,3,5526
portions,3,5527
pouring,3,5528
presbyterian,3,5529
idolator,3,5530
insignificant,3,5531
warmth,3,5532
tip,3,5533
snugness,3,5534
crouching,3,5535
repugnance,3,5536
illuminated,3,5537
undulating,3,5538
rokovoko,3,5539
map,3,5540
boasted,3,5541
warriors,3,5542
prevail,3,5543
vowed,3,5544
paddled,3,5545
strait,3,5546
hiding,3,5547
capsized,3,5548
cities,3,5549
arts,3,5550
wages,3,5551
sow,3,5552
movements,3,5553
mess,3,5554
hap,3,5555
joyously,3,5556
affection,3,5557
wheelbarrow,3,5558
meadows,3,5559
scythes,3,5560
puts,3,5561
calabash,3,5562
braided,3,5563
assigned,3,5564
dipping,3,5565
effort,3,5566
hoofs,3,5567
admire,3,5568
permit,3,5569
filed,3,5570
tingling,3,5571
tornadoes,3,5572
greenness,3,5573
restored,3,5574
trump,3,5575
deserved,3,5576
mentioning,3,5577
background,3,5578
plant,3,5579
inclosed,3,5580
chairs,3,5581
clams,3,5582
illinois,3,5583
casket,3,5584
crabs,3,5585
survived,3,5586
mountainous,3,5587
issuing,3,5588
ant,3,5589
conquered,3,5590
mexico,3,5591
fragments,3,5592
resides,3,5593
plantation,3,5594
cocks,3,5595
hides,3,5596
alps,3,5597
asserted,3,5598
chowders,3,5599
outset,3,5600
mistaking,3,5601
oblique,3,5602
combing,3,5603
repast,3,5604
waiting,3,5605
hearken,3,5606
juicy,3,5607
flakes,3,5608
seasoned,3,5609
appetites,3,5610
uttered,3,5611
plying,3,5612
paved,3,5613
decapitated,3,5614
variety,3,5615
concert,3,5616
selecting,3,5617
selection,3,5618
excellence,3,5619
fortunes,3,5620
securely,3,5621
tit,3,5622
origin,3,5623
massachusetts,3,5624
extinct,3,5625
toed,3,5626
typhoons,3,5627
calms,3,5628
grenadier,3,5629
egypt,3,5630
worshipped,3,5631
cathedral,3,5632
inlaid,3,5633
sheaves,3,5634
candidate,3,5635
consisting,3,5636
mutually,3,5637
hairy,3,5638
concealed,3,5639
minutest,3,5640
gales,3,5641
causes,3,5642
murdering,3,5643
mask,3,5644
agents,3,5645
wantest,3,5646
crunched,3,5647
request,3,5648
forbidding,3,5649
staggered,3,5650
shares,3,5651
variously,3,5652
quakers,3,5653
childhood,3,5654
dramatic,3,5655
stillness,3,5656
morbidness,3,5657
ambition,3,5658
cared,3,5659
altered,3,5660
sworn,3,5661
gore,3,5662
becoming,3,5663
retiring,3,5664
earned,3,5665
hospital,3,5666
inordinate,3,5667
marling,3,5668
spike,3,5669
idleness,3,5670
embodiment,3,5671
superfluous,3,5672
brim,3,5673
vesture,3,5674
sharply,3,5675
profits,3,5676
duties,3,5677
clothing,3,5678
proprietors,3,5679
inconsiderable,3,5680
treasures,3,5681
moth,3,5682
hundredth,3,5683
fired,3,5684
celerity,3,5685
eluded,3,5686
letting,3,5687
whew,3,5688
groaned,3,5689
signing,3,5690
ungodly,3,5691
doesn,3,5692
keenest,3,5693
crowned,3,5694
whim,3,5695
twelvemonth,3,5696
fools,3,5697
warn,3,5698
bleeding,3,5699
describe,3,5700
unprecedented,3,5701
planets,3,5702
absurd,3,5703
mending,3,5704
shaft,3,5705
chamber,3,5706
apoplexy,3,5707
mouse,3,5708
castor,3,5709
prying,3,5710
closet,3,5711
painter,3,5712
premises,3,5713
later,3,5714
plum,3,5715
brig,3,5716
confined,3,5717
insane,3,5718
despairing,3,5719
promised,3,5720
grating,3,5721
positive,3,5722
argue,3,5723
primitive,3,5724
religions,3,5725
extremely,3,5726
eaten,3,5727
victor,3,5728
congregational,3,5729
rubbed,3,5730
handles,3,5731
aim,3,5732
counterpart,3,5733
sharkish,3,5734
jones,3,5735
thundering,3,5736
confluent,3,5737
earnestness,3,5738
spaniard,3,5739
spat,3,5740
mayhap,3,5741
reverie,3,5742
ineffable,3,5743
humbug,3,5744
coupled,3,5745
ambiguous,3,5746
begat,3,5747
kinds,3,5748
apprehensions,3,5749
satisfy,3,5750
astir,3,5751
chests,3,5752
beds,3,5753
forks,3,5754
necessitates,3,5755
replacing,3,5756
depends,3,5757
duplicate,3,5758
staves,3,5759
jar,3,5760
pantry,3,5761
rheumatic,3,5762
startling,3,5763
riggers,3,5764
preparation,3,5765
suspects,3,5766
holloa,3,5767
rejoined,3,5768
rigger,3,5769
slumber,3,5770
establish,3,5771
perry,3,5772
comfortably,3,5773
lazy,3,5774
flourished,3,5775
bestirred,3,5776
actively,3,5777
gift,3,5778
muster,3,5779
frightful,3,5780
poke,3,5781
merged,3,5782
wintry,3,5783
cordage,3,5784
notes,3,5785
swelling,3,5786
glades,3,5787
stormy,3,5788
continents,3,5789
convulsively,3,5790
diverged,3,5791
vindictive,3,5792
fearfulness,3,5793
unrestingly,3,5794
miserably,3,5795
drives,3,5796
succor,3,5797
direst,3,5798
graze,3,5799
fights,3,5800
advocate,3,5801
embarked,3,5802
anxiety,3,5803
injustice,3,5804
liberal,3,5805
metropolitan,3,5806
naval,3,5807
visiting,3,5808
card,3,5809
badge,3,5810
martial,3,5811
triumphantly,3,5812
soldiers,3,5813
recoil,3,5814
fanning,3,5815
eddies,3,5816
unwittingly,3,5817
admirals,3,5818
fleets,3,5819
consuming,3,5820
reaped,3,5821
aggregate,3,5822
ride,3,5823
beaches,3,5824
marines,3,5825
colonies,3,5826
yoke,3,5827
democracy,3,5828
uncounted,3,5829
credit,3,5830
helmet,3,5831
wrote,3,5832
composed,3,5833
figured,3,5834
capital,3,5835
procession,3,5836
constellation,3,5837
college,3,5838
substantiated,3,5839
surmise,3,5840
essential,3,5841
olive,3,5842
unmanufactured,3,5843
descent,3,5844
baked,3,5845
drought,3,5846
cares,3,5847
shocking,3,5848
immaculate,3,5849
treat,3,5850
shalt,3,5851
equality,3,5852
castaways,3,5853
exalted,3,5854
disastrous,3,5855
humanity,3,5856
poetic,3,5857
pearl,3,5858
local,3,5859
crisis,3,5860
arrangement,3,5861
tinker,3,5862
loading,3,5863
miseries,3,5864
ruddy,3,5865
rat,3,5866
radiating,3,5867
forces,3,5868
knight,3,5869
selected,3,5870
squire,3,5871
snuffing,3,5872
trail,3,5873
halyards,3,5874
beg,3,5875
azores,3,5876
hero,3,5877
penetrate,3,5878
conceived,3,5879
forcibly,3,5880
colourless,3,5881
forenoon,3,5882
foreboding,3,5883
recovery,3,5884
particle,3,5885
continuing,3,5886
resembled,3,5887
seam,3,5888
wrenching,3,5889
twig,3,5890
bark,3,5891
noted,3,5892
quiver,3,5893
determinate,3,5894
peaks,3,5895
cheeked,3,5896
april,3,5897
playful,3,5898
icebergs,3,5899
quito,3,5900
jewelled,3,5901
nursing,3,5902
helmeted,3,5903
suns,3,5904
unwaning,3,5905
mutter,3,5906
dug,3,5907
slumbers,3,5908
slumbering,3,5909
emerge,3,5910
crippled,3,5911
wearied,3,5912
lumber,3,5913
insertion,3,5914
wouldst,3,5915
forgot,3,5916
scornful,3,5917
passionate,3,5918
mule,3,5919
flashed,3,5920
babies,3,5921
maybe,3,5922
juggling,3,5923
royalty,3,5924
dreamed,3,5925
contradictory,3,5926
lords,3,5927
weedy,3,5928
barnacled,3,5929
thorough,3,5930
method,3,5931
cetacea,3,5932
confusion,3,5933
unfathomable,3,5934
impenetrable,3,5935
indications,3,5936
ray,3,5937
lacepede,3,5938
priority,3,5939
retreats,3,5940
usurpation,3,5941
rival,3,5942
grope,3,5943
declares,3,5944
charley,3,5945
germans,3,5946
individuality,3,5947
opine,3,5948
appellation,3,5949
yields,3,5950
indiscriminately,3,5951
intricate,3,5952
vertically,3,5953
angular,3,5954
dial,3,5955
gregarious,3,5956
gifted,3,5957
defy,3,5958
basis,3,5959
distinctions,3,5960
similitude,3,5961
tiles,3,5962
prodigies,3,5963
embrace,3,5964
thrasher,3,5965
hyena,3,5966
angles,3,5967
averages,3,5968
unsavory,3,5969
peaked,3,5970
answers,3,5971
sheeted,3,5972
thrusts,3,5973
surmises,3,5974
tusked,3,5975
unicorn,3,5976
bended,3,5977
windsor,3,5978
oblong,3,5979
spots,3,5980
bigness,3,5981
conveys,3,5982
hilarious,3,5983
vivacious,3,5984
godly,3,5985
neat,3,5986
comprises,3,5987
etc,3,5988
quoted,3,5989
crane,3,5990
specksynder,3,5991
restricted,3,5992
british,3,5993
incarnate,3,5994
supremacy,3,5995
housings,3,5996
plucked,3,5997
disappears,3,5998
emir,3,5999
mundane,3,6000
dominion,3,6001
mute,3,6002
cubs,3,6003
neutral,3,6004
fork,3,6005
grazed,3,6006
profoundly,3,6007
choking,3,6008
jammed,3,6009
appetite,3,6010
mouthfuls,3,6011
ate,3,6012
relieve,3,6013
vanity,3,6014
capacity,3,6015
obtain,3,6016
ample,3,6017
hall,3,6018
nimble,3,6019
hop,3,6020
progeny,3,6021
nurse,3,6022
plumed,3,6023
african,3,6024
diffused,3,6025
superb,3,6026
giants,3,6027
barbarians,3,6028
inwards,3,6029
relinquish,3,6030
expatiate,3,6031
researches,3,6032
purposes,3,6033
formation,3,6034
saint,3,6035
napoleon,3,6036
metal,3,6037
obscured,3,6038
historian,3,6039
hen,3,6040
descrying,3,6041
trade,3,6042
stowed,3,6043
breed,3,6044
sentry,3,6045
unprovided,3,6046
tents,3,6047
glacier,3,6048
telescope,3,6049
treats,3,6050
errors,3,6051
error,3,6052
perches,3,6053
counter,3,6054
balanced,3,6055
pastures,3,6056
frankly,3,6057
altitude,3,6058
vigilant,3,6059
offers,3,6060
bowditch,3,6061
pint,3,6062
furnishes,3,6063
unfrequently,3,6064
sighted,3,6065
elusive,3,6066
stones,3,6067
uniform,3,6068
pecks,3,6069
unmindful,3,6070
whispering,3,6071
vehemently,3,6072
tarpaulins,3,6073
screwing,3,6074
annual,3,6075
sob,3,6076
unreasoning,3,6077
outrageous,3,6078
insulted,3,6079
anger,3,6080
clutched,3,6081
rebellion,3,6082
warnings,3,6083
necessities,3,6084
bison,3,6085
handing,3,6086
satan,3,6087
refill,3,6088
accumulated,3,6089
leyden,3,6090
sustained,3,6091
hiss,3,6092
diver,3,6093
ne,3,6094
demoniac,3,6095
deaf,3,6096
cotton,3,6097
unerringly,3,6098
sanity,3,6099
tows,3,6100
feed,3,6101
sings,3,6102
strand,3,6103
bells,3,6104
amsterdam,3,6105
sicilian,3,6106
hoe,3,6107
humph,3,6108
sweat,3,6109
cease,3,6110
evermore,3,6111
hip,3,6112
portuguese,3,6113
lunging,3,6114
baltic,3,6115
cakes,3,6116
pines,3,6117
keeled,3,6118
plunge,3,6119
topsails,3,6120
jollies,3,6121
scatter,3,6122
duck,3,6123
haunted,3,6124
uncivilized,3,6125
cruisers,3,6126
malignity,3,6127
presumption,3,6128
sprained,3,6129
abound,3,6130
surpasses,3,6131
longitudes,3,6132
decline,3,6133
ignoble,3,6134
prows,3,6135
legendary,3,6136
declaring,3,6137
effaced,3,6138
practised,3,6139
distantly,3,6140
details,3,6141
accompaniments,3,6142
divulged,3,6143
inflicted,3,6144
turbaned,3,6145
statue,3,6146
deliriously,3,6147
abhorred,3,6148
sinews,3,6149
personified,3,6150
practically,3,6151
agonizing,3,6152
intensified,3,6153
lunacy,3,6154
unabated,3,6155
highland,3,6156
gorge,3,6157
instrument,3,6158
halls,3,6159
prouder,3,6160
motive,3,6161
shun,3,6162
casualty,3,6163
qualified,3,6164
wildness,3,6165
righteous,3,6166
responded,3,6167
demon,3,6168
deadliest,3,6169
quadruped,3,6170
standard,3,6171
charger,3,6172
applies,3,6173
gladness,3,6174
romans,3,6175
pledge,3,6176
holiest,3,6177
purest,3,6178
romish,3,6179
kindly,3,6180
urged,3,6181
hideousness,3,6182
abraham,3,6183
rhyme,3,6184
merit,3,6185
tying,3,6186
invoking,3,6187
hosts,3,6188
streamed,3,6189
plains,3,6190
ohio,3,6191
albino,3,6192
crowning,3,6193
expressive,3,6194
evangelist,3,6195
clue,3,6196
purely,3,6197
fairy,3,6198
canted,3,6199
admits,3,6200
exhibited,3,6201
muteness,3,6202
elucidated,3,6203
views,3,6204
shipwrecked,3,6205
solace,3,6206
churchyard,3,6207
robe,3,6208
paw,3,6209
concrete,3,6210
gilded,3,6211
subtile,3,6212
inherent,3,6213
deified,3,6214
absolutely,3,6215
travellers,3,6216
wraps,3,6217
unceasingly,3,6218
cough,3,6219
soaked,3,6220
refer,3,6221
solitude,3,6222
correspond,3,6223
flights,3,6224
districts,3,6225
columns,3,6226
guided,3,6227
precision,3,6228
width,3,6229
scheme,3,6230
unquestionable,3,6231
certainty,3,6232
consecutive,3,6233
periodically,3,6234
comprehensiveness,3,6235
intervening,3,6236
ensuing,3,6237
impatiently,3,6238
devious,3,6239
recognition,3,6240
constantinople,3,6241
weariness,3,6242
throbbing,3,6243
lightnings,3,6244
yawned,3,6245
yielding,3,6246
sheer,3,6247
vulture,3,6248
effected,3,6249
penetrated,3,6250
endangered,3,6251
poisonous,3,6252
travels,3,6253
secondly,3,6254
summary,3,6255
famed,3,6256
palmy,3,6257
cetacean,3,6258
notorious,3,6259
catastrophe,3,6260
enormousness,3,6261
facetious,3,6262
testimony,3,6263
pollard,3,6264
tragedy,3,6265
dining,3,6266
lionel,3,6267
forbear,3,6268
stating,3,6269
transferred,3,6270
acts,3,6271
procopius,3,6272
connecting,3,6273
resort,3,6274
route,3,6275
collateral,3,6276
incapable,3,6277
ascendency,3,6278
magnet,3,6279
prudential,3,6280
unrelieved,3,6281
impetuously,3,6282
capricious,3,6283
inhale,3,6284
breeds,3,6285
perfect,3,6286
consist,3,6287
verbally,3,6288
evince,3,6289
sultry,3,6290
subdued,3,6291
preluding,3,6292
drove,3,6293
beam,3,6294
tribes,3,6295
appointed,3,6296
cranes,3,6297
poised,3,6298
bands,3,6299
girdle,3,6300
agency,3,6301
mississippi,3,6302
steamer,3,6303
displayed,3,6304
balancing,3,6305
rider,3,6306
stamp,3,6307
feather,3,6308
vibrated,3,6309
lowest,3,6310
livers,3,6311
tantalizing,3,6312
skewer,3,6313
pronouncing,3,6314
hollows,3,6315
charmed,3,6316
churned,3,6317
separating,3,6318
denoted,3,6319
cream,3,6320
furnace,3,6321
drenched,3,6322
natured,3,6323
desperado,3,6324
twist,3,6325
consequent,3,6326
imputed,3,6327
invaluable,3,6328
measures,3,6329
cleat,3,6330
stabbing,3,6331
subordinate,3,6332
temperate,3,6333
asiatic,3,6334
ghostly,3,6335
royals,3,6336
stunsail,3,6337
sped,3,6338
overtake,3,6339
disappearing,3,6340
accordance,3,6341
showers,3,6342
drifting,3,6343
allured,3,6344
directing,3,6345
feathers,3,6346
prevailed,3,6347
bowlines,3,6348
demanding,3,6349
crozetts,3,6350
voyagings,3,6351
whelmed,3,6352
consort,3,6353
estimated,3,6354
salutation,3,6355
interchange,3,6356
meetings,3,6357
collectively,3,6358
villains,3,6359
boilers,3,6360
foundation,3,6361
lexicon,3,6362
effeminacy,3,6363
maintaining,3,6364
wedged,3,6365
settling,3,6366
dons,3,6367
hove,3,6368
noblest,3,6369
capitals,3,6370
firmness,3,6371
doomed,3,6372
tension,3,6373
shovel,3,6374
malignant,3,6375
forbearance,3,6376
exhaustion,3,6377
spasmodic,3,6378
infatuated,3,6379
senor,3,6380
danced,3,6381
manhandle,3,6382
mutiny,3,6383
ringleader,3,6384
fault,3,6385
mincing,3,6386
decently,3,6387
brass,3,6388
diet,3,6389
retribution,3,6390
implements,3,6391
smelling,3,6392
vultures,3,6393
timely,3,6394
traitors,3,6395
tremulous,3,6396
bandaged,3,6397
pinioned,3,6398
durst,3,6399
vacancy,3,6400
leisure,3,6401
perceiving,3,6402
whirlpool,3,6403
roots,3,6404
evangelists,3,6405
brings,3,6406
purporting,3,6407
sculpture,3,6408
antediluvian,3,6409
whit,3,6410
cuts,3,6411
stalk,3,6412
dolphins,3,6413
edition,3,6414
represented,3,6415
scale,3,6416
genuine,3,6417
floundering,3,6418
manifold,3,6419
contour,3,6420
characteristics,3,6421
articulated,3,6422
desirable,3,6423
deficiency,3,6424
risen,3,6425
emptied,3,6426
soot,3,6427
gallery,3,6428
chopping,3,6429
deserves,3,6430
ingenious,3,6431
accuracy,3,6432
starry,3,6433
undulated,3,6434
bulky,3,6435
befallen,3,6436
tens,3,6437
verdant,3,6438
unattended,3,6439
arose,3,6440
boughs,3,6441
furlongs,3,6442
hapless,3,6443
sensation,3,6444
zones,3,6445
ordinarily,3,6446
alternately,3,6447
layers,3,6448
concentric,3,6449
consume,3,6450
diameter,3,6451
terminating,3,6452
resolution,3,6453
vices,3,6454
glossy,3,6455
luff,3,6456
spokes,3,6457
elevating,3,6458
hee,3,6459
smacking,3,6460
mouthful,3,6461
eddy,3,6462
crimson,3,6463
flurry,3,6464
horribly,3,6465
majority,3,6466
sideboard,3,6467
symmetrical,3,6468
handy,3,6469
decision,3,6470
legged,3,6471
ob,3,6472
massa,3,6473
gor,3,6474
natur,3,6475
slappin,3,6476
mout,3,6477
berry,3,6478
eber,3,6479
gloomily,3,6480
squaring,3,6481
parson,3,6482
ticklish,3,6483
grizzled,3,6484
fritters,3,6485
crisp,3,6486
denying,3,6487
prize,3,6488
calf,3,6489
trial,3,6490
oxen,3,6491
fejee,3,6492
roast,3,6493
suspending,3,6494
flexible,3,6495
weighing,3,6496
semicircular,3,6497
triumphant,3,6498
orange,3,6499
dodge,3,6500
enveloping,3,6501
isinglass,3,6502
magnifying,3,6503
ton,3,6504
impressed,3,6505
chiselled,3,6506
exterior,3,6507
hostile,3,6508
bulls,3,6509
stript,3,6510
enabled,3,6511
unsupplied,3,6512
dome,3,6513
cubic,3,6514
joyous,3,6515
scare,3,6516
untoward,3,6517
subterraneous,3,6518
gash,3,6519
skilfully,3,6520
buoyed,3,6521
mosses,3,6522
rot,3,6523
lovers,3,6524
husband,3,6525
signals,3,6526
epidemic,3,6527
drifted,3,6528
frequent,3,6529
annihilated,3,6530
delivery,3,6531
siamese,3,6532
jerked,3,6533
apothecary,3,6534
holder,3,6535
keenly,3,6536
medicine,3,6537
abated,3,6538
lard,3,6539
noteworthy,3,6540
mathematical,3,6541
proportion,3,6542
stealing,3,6543
fronts,3,6544
effectually,3,6545
involuntary,3,6546
idle,3,6547
perplexity,3,6548
membrane,3,6549
unhinged,3,6550
riding,3,6551
whips,3,6552
oaks,3,6553
joists,3,6554
nursery,3,6555
sulk,3,6556
pout,3,6557
measurement,3,6558
peruvian,3,6559
roof,3,6560
sloping,3,6561
boneless,3,6562
elasticity,3,6563
abide,3,6564
baling,3,6565
quoin,3,6566
infiltrated,3,6567
devices,3,6568
dairy,3,6569
taught,3,6570
delicious,3,6571
honey,3,6572
lavater,3,6573
sciences,3,6574
physiognomically,3,6575
spire,3,6576
remainder,3,6577
proportions,3,6578
sculptured,3,6579
firmament,3,6580
genius,3,6581
granite,3,6582
truest,3,6583
deem,3,6584
joist,3,6585
average,3,6586
spans,3,6587
load,3,6588
bank,3,6589
slides,3,6590
capsizing,3,6591
foaming,3,6592
pitiable,3,6593
hawks,3,6594
hazard,3,6595
prophets,3,6596
untouched,3,6597
expiring,3,6598
corroded,3,6599
horseman,3,6600
journey,3,6601
fleetness,3,6602
emergencies,3,6603
reservoir,3,6604
exhaled,3,6605
discharged,3,6606
periods,3,6607
treatise,3,6608
cripple,3,6609
progression,3,6610
rampart,3,6611
studded,3,6612
tribute,3,6613
shaded,3,6614
audacity,3,6615
circus,3,6616
grain,3,6617
rallied,3,6618
gallied,3,6619
drugg,3,6620
vanished,3,6621
mustering,3,6622
males,3,6623
bower,3,6624
applicable,3,6625
lawyers,3,6626
commentaries,3,6627
intermediate,3,6628
cinque,3,6629
writers,3,6630
busily,3,6631
pairs,3,6632
aromatic,3,6633
projected,3,6634
victim,3,6635
fruit,3,6636
dent,3,6637
sequel,3,6638
calendar,3,6639
brilliancy,3,6640
diamond,3,6641
stolen,3,6642
rap,3,6643
hug,3,6644
jeopardized,3,6645
ruthless,3,6646
eternities,3,6647
behooves,3,6648
muscle,3,6649
portable,3,6650
scraped,3,6651
pelt,3,6652
soapstone,3,6653
circling,3,6654
supplies,3,6655
solve,3,6656
aries,3,6657
vale,3,6658
joes,3,6659
leo,3,6660
alow,3,6661
jenny,3,6662
mallet,3,6663
mishap,3,6664
spin,3,6665
boomer,3,6666
rum,3,6667
en,3,6668
pulse,3,6669
reefed,3,6670
snodhead,3,6671
flooded,3,6672
arsacides,3,6673
pupella,3,6674
glen,3,6675
sap,3,6676
hummed,3,6677
theme,3,6678
digger,3,6679
fossils,3,6680
formations,3,6681
adamite,3,6682
degenerated,3,6683
wrench,3,6684
revelation,3,6685
forging,3,6686
repairing,3,6687
impersonal,3,6688
stolidity,3,6689
screws,3,6690
callest,3,6691
bashee,3,6692
nearing,3,6693
rover,3,6694
antilles,3,6695
tongues,3,6696
sweetness,3,6697
drama,3,6698
smoothe,3,6699
stubbs,3,6700
shank,3,6701
temper,3,6702
aloud,3,6703
sunwards,3,6704
hooped,3,6705
disabled,3,6706
fluttering,3,6707
sporty,3,6708
gamy,3,6709
jesty,3,6710
joky,3,6711
hoky,3,6712
poky,3,6713
inboard,3,6714
malady,3,6715
trailing,3,6716
loadstone,3,6717
warped,3,6718
tahitian,3,6719
dong,3,6720
daft,3,6721
cobbling,3,6722
epaulets,3,6723
shears,3,6724
mockery,3,6725
vane,3,6726
methodic,3,6727
fading,3,6728
usher,2,6729
grammar,2,6730
dusting,2,6731
grammars,2,6732
hvalt,2,6733
vaulted,2,6734
saxon,2,6735
pekee,2,6736
grub,2,6737
anyways,2,6738
gospel,2,6739
entertaining,2,6740
affording,2,6741
sung,2,6742
rosy,2,6743
sadness,2,6744
court,2,6745
gulp,2,6746
genesis,2,6747
hoary,2,6748
psalms,2,6749
isaiah,2,6750
paunch,2,6751
biggest,2,6752
verbal,2,6753
alfred,2,6754
nick,2,6755
moses,2,6756
rabelais,2,6757
version,2,6758
insomuch,2,6759
boil,2,6760
quid,2,6761
pikes,2,6762
thirteen,2,6763
coll,2,6764
troops,2,6765
caution,2,6766
sixth,2,6767
discoverer,2,6768
shetland,2,6769
fife,2,6770
richard,2,6771
fence,2,6772
tho,2,6773
abode,2,6774
nat,2,6775
wales,2,6776
asiatics,2,6777
conceal,2,6778
von,2,6779
solander,2,6780
boldness,2,6781
revenue,2,6782
shipwreck,2,6783
momentary,2,6784
serves,2,6785
cowper,2,6786
bridge,2,6787
impetus,2,6788
theology,2,6789
hind,2,6790
enemies,2,6791
swords,2,6792
saws,2,6793
io,2,6794
finny,2,6795
mightier,2,6796
flounders,2,6797
lamb,2,6798
gateway,2,6799
monument,2,6800
sprout,2,6801
goethe,2,6802
resounds,2,6803
rushes,2,6804
neglected,2,6805
witnessing,2,6806
formidable,2,6807
displays,2,6808
employ,2,6809
bo,2,6810
inevitable,2,6811
daniel,2,6812
u,2,6813
senate,2,6814
erection,2,6815
rev,2,6816
cheever,2,6817
comstock,2,6818
rebounds,2,6819
totally,2,6820
arches,2,6821
entrances,2,6822
alcoves,2,6823
whites,2,6824
newspaper,2,6825
manage,2,6826
del,2,6827
beech,2,6828
cheery,2,6829
giant,2,6830
november,2,6831
warehouses,2,6832
surrounds,2,6833
waterward,2,6834
cooled,2,6835
seaward,2,6836
pent,2,6837
benches,2,6838
extremest,2,6839
suffice,2,6840
caravan,2,6841
metaphysical,2,6842
employs,2,6843
woodlands,2,6844
overlapping,2,6845
spurs,2,6846
bathed,2,6847
sighs,2,6848
shepherd,2,6849
june,2,6850
lilies,2,6851
niagara,2,6852
cataract,2,6853
poet,2,6854
pedestrian,2,6855
greeks,2,6856
tormenting,2,6857
rag,2,6858
tribulations,2,6859
judiciously,2,6860
mummies,2,6861
grasshopper,2,6862
touches,2,6863
indignity,2,6864
orchard,2,6865
thieves,2,6866
entailed,2,6867
cheerfully,2,6868
wholesome,2,6869
leaders,2,6870
secretly,2,6871
magnificent,2,6872
tragedies,2,6873
delusion,2,6874
resulting,2,6875
inducements,2,6876
gates,2,6877
inmost,2,6878
monday,2,6879
amazingly,2,6880
monopolising,2,6881
sally,2,6882
concernment,2,6883
grapnels,2,6884
expensive,2,6885
congealed,2,6886
tinkling,2,6887
building,2,6888
stumble,2,6889
porch,2,6890
tophet,2,6891
dilapidated,2,6892
carted,2,6893
ruins,2,6894
cheap,2,6895
pea,2,6896
palsied,2,6897
judging,2,6898
writer,2,6899
improvements,2,6900
copestone,2,6901
million,2,6902
curbstone,2,6903
tatters,2,6904
wrapper,2,6905
moluccas,2,6906
temperance,2,6907
drinks,2,6908
tepid,2,6909
frosted,2,6910
thoroughly,2,6911
diligent,2,6912
systematic,2,6913
contemplation,2,6914
unwarranted,2,6915
yeast,2,6916
sublimity,2,6917
deceptive,2,6918
combat,2,6919
hyperborean,2,6920
yielded,2,6921
aggregated,2,6922
opinions,2,6923
dismantled,2,6924
purposing,2,6925
sickle,2,6926
segment,2,6927
mown,2,6928
mower,2,6929
wondered,2,6930
nathan,2,6931
corkscrew,2,6932
javan,2,6933
imbedded,2,6934
decanters,2,6935
bottles,2,6936
withered,2,6937
dearly,2,6938
sells,2,6939
pours,2,6940
villanous,2,6941
cheating,2,6942
rudely,2,6943
surround,2,6944
objections,2,6945
liked,2,6946
adjoining,2,6947
nightmare,2,6948
complexioned,2,6949
seed,2,6950
comforters,2,6951
icicles,2,6952
molasses,2,6953
capering,2,6954
interested,2,6955
ordained,2,6956
partner,2,6957
brawn,2,6958
reminiscences,2,6959
stature,2,6960
orgies,2,6961
prefers,2,6962
twitch,2,6963
shan,2,6964
mattress,2,6965
plaguy,2,6966
notches,2,6967
procured,2,6968
silk,2,6969
planing,2,6970
ape,2,6971
indestructible,2,6972
mended,2,6973
planed,2,6974
sill,2,6975
current,2,6976
steal,2,6977
wakened,2,6978
unwarrantable,2,6979
bedfellows,2,6980
airley,2,6981
catches,2,6982
airth,2,6983
exasperating,2,6984
selling,2,6985
evidence,2,6986
strung,2,6987
rejoinder,2,6988
sam,2,6989
ushered,2,6990
elegant,2,6991
tolerably,2,6992
bedstead,2,6993
fireboard,2,6994
wardrobe,2,6995
lieu,2,6996
tags,2,6997
quills,2,6998
kink,2,6999
remembering,2,7000
crockery,2,7001
stains,2,7002
effects,2,7003
wallet,2,7004
quicker,2,7005
trunks,2,7006
brothers,2,7007
fascinated,2,7008
congo,2,7009
shrine,2,7010
kindled,2,7011
sacrificial,2,7012
blaze,2,7013
hasty,2,7014
guttural,2,7015
noises,2,7016
bagging,2,7017
exhibiting,2,7018
jumping,2,7019
examined,2,7020
extinguished,2,7021
grunt,2,7022
growled,2,7023
civil,2,7024
tattooings,2,7025
fuss,2,7026
motioned,2,7027
patchwork,2,7028
cretan,2,7029
unmethodically,2,7030
irregularly,2,7031
quilt,2,7032
awoke,2,7033
hugging,2,7034
sensations,2,7035
stepmother,2,7036
whipping,2,7037
dismally,2,7038
elapse,2,7039
shining,2,7040
beseeching,2,7041
condemning,2,7042
abed,2,7043
collar,2,7044
extracting,2,7045
newfoundland,2,7046
reconciled,2,7047
essentially,2,7048
breeding,2,7049
strainings,2,7050
propriety,2,7051
required,2,7052
butterfly,2,7053
staving,2,7054
toilet,2,7055
ablutions,2,7056
waistcoat,2,7057
soap,2,7058
slips,2,7059
boot,2,7060
harpooning,2,7061
marched,2,7062
pear,2,7063
tawn,2,7064
tints,2,7065
climates,2,7066
ledyard,2,7067
mungo,2,7068
siberia,2,7069
sheepfold,2,7070
justified,2,7071
beefsteaks,2,7072
digesting,2,7073
thoroughfares,2,7074
broadway,2,7075
scared,2,7076
wapping,2,7077
chatting,2,7078
unholy,2,7079
sou,2,7080
bespeaking,2,7081
bumpkins,2,7082
frighten,2,7083
canaan,2,7084
opulent,2,7085
emblematical,2,7086
mansion,2,7087
brilliant,2,7088
chestnuts,2,7089
candelabra,2,7090
congregated,2,7091
terraces,2,7092
perennial,2,7093
wrapping,2,7094
bearskin,2,7095
worshipper,2,7096
borders,2,7097
patagonia,2,7098
coleman,2,7099
surviving,2,7100
ezekiel,2,7101
solemnity,2,7102
trappings,2,7103
unceasing,2,7104
broods,2,7105
bosoms,2,7106
voids,2,7107
unbidden,2,7108
elephanta,2,7109
indies,2,7110
dwelling,2,7111
jackal,2,7112
gathers,2,7113
murky,2,7114
darkened,2,7115
doleful,2,7116
delightful,2,7117
promotion,2,7118
thinnest,2,7119
admitting,2,7120
attested,2,7121
imputable,2,7122
tarpaulin,2,7123
melting,2,7124
adjacent,2,7125
arrayed,2,7126
approached,2,7127
pulpits,2,7128
contract,2,7129
architect,2,7130
substituting,2,7131
nicely,2,7132
mahogany,2,7133
contrivance,2,7134
dexterity,2,7135
quebec,2,7136
comprehending,2,7137
sincerity,2,7138
sanctity,2,7139
symbolize,2,7140
signifies,2,7141
radiance,2,7142
victory,2,7143
panelled,2,7144
rested,2,7145
scroll,2,7146
fiddle,2,7147
condense,2,7148
midships,2,7149
rumbling,2,7150
slighter,2,7151
shuffling,2,7152
hymn,2,7153
changing,2,7154
sorrows,2,7155
deliverer,2,7156
strands,2,7157
scriptures,2,7158
slime,2,7159
disobedience,2,7160
disobey,2,7161
jaffa,2,7162
gibraltar,2,7163
baggage,2,7164
accompany,2,7165
robbed,2,7166
jail,2,7167
spile,2,7168
reads,2,7169
sympathetic,2,7170
trembles,2,7171
summoning,2,7172
descends,2,7173
overlooked,2,7174
thereof,2,7175
context,2,7176
discernment,2,7177
crime,2,7178
cupidity,2,7179
exposes,2,7180
assented,2,7181
resolves,2,7182
mutters,2,7183
foolishly,2,7184
gasps,2,7185
presentiment,2,7186
bales,2,7187
maintains,2,7188
alarms,2,7189
frightens,2,7190
appals,2,7191
whirl,2,7192
steals,2,7193
bleeds,2,7194
glides,2,7195
clattering,2,7196
heeds,2,7197
cleaving,2,7198
arise,2,7199
staggers,2,7200
vent,2,7201
cringing,2,7202
referring,2,7203
mightest,2,7204
deserts,2,7205
mercifully,2,7206
indignant,2,7207
calmness,2,7208
masterless,2,7209
seething,2,7210
prison,2,7211
prayed,2,7212
unto,2,7213
wail,2,7214
pangs,2,7215
warring,2,7216
hearers,2,7217
humility,2,7218
anointed,2,7219
bidden,2,7220
weeds,2,7221
bowled,2,7222
repenting,2,7223
delights,2,7224
vomited,2,7225
multitudinously,2,7226
charms,2,7227
brewed,2,7228
dishonour,2,7229
commodores,2,7230
inexorable,2,7231
kills,2,7232
pluck,2,7233
judges,2,7234
deliciousness,2,7235
fiftieth,2,7236
utterance,2,7237
commence,2,7238
marred,2,7239
disagreeable,2,7240
traces,2,7241
cringed,2,7242
shaved,2,7243
freer,2,7244
expansive,2,7245
decide,2,7246
brows,2,7247
pretending,2,7248
sociably,2,7249
collectedness,2,7250
consorted,2,7251
acquaintances,2,7252
companionship,2,7253
dyspeptic,2,7254
casements,2,7255
booming,2,7256
wolfish,2,7257
redeemed,2,7258
bland,2,7259
deceits,2,7260
mysteriously,2,7261
magnets,2,7262
complimented,2,7263
jabbering,2,7264
pouch,2,7265
exchanging,2,7266
cronies,2,7267
henceforth,2,7268
friendship,2,7269
premature,2,7270
apply,2,7271
spreading,2,7272
jealous,2,7273
ergo,2,7274
disclosures,2,7275
lain,2,7276
wakeful,2,7277
recumbent,2,7278
bending,2,7279
warming,2,7280
delightfully,2,7281
luxurious,2,7282
unduly,2,7283
condensed,2,7284
tester,2,7285
clout,2,7286
sapling,2,7287
uncle,2,7288
propensity,2,7289
nourished,2,7290
complement,2,7291
spurned,2,7292
thickets,2,7293
disdained,2,7294
happier,2,7295
gibberish,2,7296
feeble,2,7297
christianity,2,7298
baptized,2,7299
nonce,2,7300
disposing,2,7301
lent,2,7302
marches,2,7303
feasts,2,7304
cocoanuts,2,7305
punctilious,2,7306
bamboo,2,7307
opens,2,7308
noting,2,7309
tink,2,7310
cruises,2,7311
highway,2,7312
slavish,2,7313
heels,2,7314
sultan,2,7315
wire,2,7316
canes,2,7317
somerset,2,7318
hallo,2,7319
greenhorn,2,7320
deftly,2,7321
trapped,2,7322
arc,2,7323
freezing,2,7324
eddystone,2,7325
canada,2,7326
legend,2,7327
swooped,2,7328
livelihood,2,7329
launching,2,7330
explored,2,7331
peeped,2,7332
behring,2,7333
portentousness,2,7334
hermits,2,7335
poland,2,7336
texas,2,7337
cuba,2,7338
bridges,2,7339
plunder,2,7340
riots,2,7341
ploughing,2,7342
overwhelmed,2,7343
climbs,2,7344
landless,2,7345
nightfall,2,7346
recommended,2,7347
cousin,2,7348
proprietor,2,7349
warehouse,2,7350
departure,2,7351
understood,2,7352
inhabitant,2,7353
doorway,2,7354
landing,2,7355
injured,2,7356
seating,2,7357
ma,2,7358
resume,2,7359
bawling,2,7360
savory,2,7361
belie,2,7362
bigger,2,7363
hazel,2,7364
nuts,2,7365
pork,2,7366
enriched,2,7367
pepper,2,7368
fishing,2,7369
expedition,2,7370
emphasis,2,7371
spoons,2,7372
eel,2,7373
necklace,2,7374
remnants,2,7375
precede,2,7376
stiggs,2,7377
unfort,2,7378
y,2,7379
concocted,2,7380
irrespective,2,7381
designs,2,7382
humiliation,2,7383
quaint,2,7384
junks,2,7385
claw,2,7386
bled,2,7387
antiquities,2,7388
device,2,7389
buckler,2,7390
apparelled,2,7391
ethiopian,2,7392
trophies,2,7393
garnished,2,7394
pins,2,7395
thews,2,7396
clutching,2,7397
nobody,2,7398
overlook,2,7399
apex,2,7400
enjoying,2,7401
respite,2,7402
interlacing,2,7403
constructed,2,7404
microscopic,2,7405
arisen,2,7406
scowl,2,7407
wast,2,7408
lingo,2,7409
gettest,2,7410
insulated,2,7411
tellest,2,7412
bind,2,7413
devoured,2,7414
parmacetty,2,7415
concentrating,2,7416
owning,2,7417
sect,2,7418
anomalously,2,7419
dashes,2,7420
scandinavian,2,7421
poetical,2,7422
seclusion,2,7423
greatness,2,7424
veriest,2,7425
trifles,2,7426
strictest,2,7427
unclad,2,7428
lack,2,7429
tuns,2,7430
contemplative,2,7431
reminiscence,2,7432
sage,2,7433
shad,2,7434
goodly,2,7435
income,2,7436
arriving,2,7437
utilitarian,2,7438
economical,2,7439
brimmed,2,7440
buttoned,2,7441
engage,2,7442
princely,2,7443
fortune,2,7444
shouldered,2,7445
sepulchral,2,7446
treasure,2,7447
abundantly,2,7448
labors,2,7449
founder,2,7450
impenitent,2,7451
outrage,2,7452
egress,2,7453
nervously,2,7454
sharpening,2,7455
grindstone,2,7456
burying,2,7457
doubting,2,7458
absorbing,2,7459
irrevocably,2,7460
committing,2,7461
mong,2,7462
lick,2,7463
widowed,2,7464
squaw,2,7465
tistig,2,7466
gayhead,2,7467
resigned,2,7468
sympathy,2,7469
religious,2,7470
obligations,2,7471
notions,2,7472
avail,2,7473
sinister,2,7474
stubbornly,2,7475
mistress,2,7476
mustard,2,7477
castors,2,7478
interposed,2,7479
doctor,2,7480
ruminated,2,7481
supplemental,2,7482
painfully,2,7483
constrained,2,7484
closing,2,7485
blandishments,2,7486
peg,2,7487
eleven,2,7488
vexed,2,7489
faintest,2,7490
uneasy,2,7491
limped,2,7492
objection,2,7493
ramadans,2,7494
pained,2,7495
necessarily,2,7496
expressing,2,7497
memorable,2,7498
compliments,2,7499
remarks,2,7500
evangelical,2,7501
piety,2,7502
worships,2,7503
catholic,2,7504
poising,2,7505
dere,2,7506
spose,2,7507
ninetieth,2,7508
preliminaries,2,7509
abashed,2,7510
obstinate,2,7511
appellative,2,7512
skirted,2,7513
bundle,2,7514
straw,2,7515
bravest,2,7516
davy,2,7517
jury,2,7518
buttoning,2,7519
stalked,2,7520
overlooking,2,7521
tarred,2,7522
investing,2,7523
torrent,2,7524
uninterrupted,2,7525
bayonet,2,7526
abruptly,2,7527
growl,2,7528
santa,2,7529
beggar,2,7530
anyhow,2,7531
easiest,2,7532
dogging,2,7533
preparations,2,7534
providing,2,7535
stores,2,7536
traps,2,7537
sauce,2,7538
napkins,2,7539
housekeeping,2,7540
heaviest,2,7541
indefatigable,2,7542
deserve,2,7543
bustle,2,7544
quakeress,2,7545
ladle,2,7546
hobbling,2,7547
hatchways,2,7548
dictator,2,7549
insensibly,2,7550
strives,2,7551
imperfect,2,7552
impertinent,2,7553
oblige,2,7554
prefer,2,7555
paces,2,7556
wonderment,2,7557
deceived,2,7558
dood,2,7559
hurt,2,7560
questioning,2,7561
sofas,2,7562
attendant,2,7563
marshy,2,7564
narrating,2,7565
breathed,2,7566
invisibly,2,7567
station,2,7568
addition,2,7569
pilots,2,7570
overseeing,2,7571
handspike,2,7572
backbone,2,7573
pants,2,7574
imperturbable,2,7575
cased,2,7576
armor,2,7577
curving,2,7578
depended,2,7579
sweetly,2,7580
meads,2,7581
vernal,2,7582
pitiless,2,7583
strides,2,7584
per,2,7585
rejecting,2,7586
cents,2,7587
dropt,2,7588
hospitality,2,7589
gainst,2,7590
landlessness,2,7591
mortally,2,7592
wildest,2,7593
shoreless,2,7594
demigod,2,7595
professions,2,7596
f,2,7597
declines,2,7598
defilements,2,7599
tidy,2,7600
carrion,2,7601
enhances,2,7602
comprehensible,2,7603
adoration,2,7604
families,2,7605
lastly,2,7606
continuously,2,7607
pioneer,2,7608
vancouver,2,7609
european,2,7610
celebrate,2,7611
cooks,2,7612
anonymous,2,7613
krusenstern,2,7614
javelin,2,7615
commonplaces,2,7616
heroic,2,7617
colonial,2,7618
chili,2,7619
bolivia,2,7620
sphere,2,7621
australia,2,7622
blunder,2,7623
shunned,2,7624
emigrants,2,7625
starvation,2,7626
chronicler,2,7627
benjamin,2,7628
marriage,2,7629
kith,2,7630
kin,2,7631
nominal,2,7632
undiscovered,2,7633
hushed,2,7634
unreasonably,2,7635
undone,2,7636
executors,2,7637
yale,2,7638
harvard,2,7639
unreasonable,2,7640
functions,2,7641
anoint,2,7642
anointing,2,7643
sweetest,2,7644
squires,2,7645
bottled,2,7646
famine,2,7647
arid,2,7648
summers,2,7649
wasting,2,7650
indication,2,7651
torrid,2,7652
patent,2,7653
images,2,7654
staid,2,7655
incline,2,7656
restrain,2,7657
sentiment,2,7658
staple,2,7659
outfits,2,7660
persisting,2,7661
persisted,2,7662
superstitiousness,2,7663
engendering,2,7664
confinement,2,7665
bravery,2,7666
abiding,2,7667
detestable,2,7668
meagre,2,7669
ideal,2,7670
blemish,2,7671
costliest,2,7672
intact,2,7673
valor,2,7674
shameful,2,7675
permitting,2,7676
investiture,2,7677
democratic,2,7678
renegades,2,7679
weave,2,7680
abased,2,7681
workman,2,7682
rainbow,2,7683
mantle,2,7684
stumped,2,7685
commons,2,7686
presided,2,7687
unpitying,2,7688
whistling,2,7689
bestir,2,7690
obeyed,2,7691
unfearing,2,7692
cholera,2,7693
pugnacious,2,7694
hereditarily,2,7695
magnified,2,7696
requiring,2,7697
fearlessness,2,7698
waggish,2,7699
lasted,2,7700
similarly,2,7701
javelins,2,7702
steerer,2,7703
provides,2,7704
headers,2,7705
unvitiated,2,7706
moose,2,7707
scoured,2,7708
fitly,2,7709
sires,2,7710
lithe,2,7711
snaky,2,7712
credited,2,7713
ahasuerus,2,7714
virtues,2,7715
fortress,2,7716
army,2,7717
canals,2,7718
supplying,2,7719
homewards,2,7720
isolatoes,2,7721
peremptory,2,7722
diabolical,2,7723
recurring,2,7724
uneasiness,2,7725
rightly,2,7726
likely,2,7727
vineyarder,2,7728
stake,2,7729
compacted,2,7730
bronze,2,7731
threading,2,7732
whitish,2,7733
peels,2,7734
tacit,2,7735
senior,2,7736
superstitiously,2,7737
strife,2,7738
livid,2,7739
brand,2,7740
streaked,2,7741
grimness,2,7742
auger,2,7743
bored,2,7744
expressions,2,7745
painful,2,7746
secluded,2,7747
perceptibly,2,7748
excite,2,7749
holiday,2,7750
misanthropic,2,7751
cloven,2,7752
reigns,2,7753
overflowing,2,7754
redundant,2,7755
heaped,2,7756
dames,2,7757
velvets,2,7758
winsome,2,7759
crystals,2,7760
cautiousness,2,7761
disturbing,2,7762
measuring,2,7763
humorousness,2,7764
gritted,2,7765
emboldened,2,7766
tamely,2,7767
donkey,2,7768
ass,2,7769
rumpled,2,7770
toothache,2,7771
riddles,2,7772
aback,2,7773
presto,2,7774
merman,2,7775
bout,2,7776
gums,2,7777
boast,2,7778
kicks,2,7779
honours,2,7780
shouts,2,7781
unshored,2,7782
immensities,2,7783
revelations,2,7784
exhibition,2,7785
zoology,2,7786
historians,2,7787
pursue,2,7788
strewn,2,7789
thorns,2,7790
aristotle,2,7791
desmarest,2,7792
cited,2,7793
existing,2,7794
surgeons,2,7795
volumes,2,7796
unwritten,2,7797
comprehensive,2,7798
departments,2,7799
hereupon,2,7800
project,2,7801
covenant,2,7802
moot,2,7803
banished,2,7804
movable,2,7805
profanely,2,7806
differ,2,7807
lungless,2,7808
blooded,2,7809
define,2,7810
externals,2,7811
brotherhood,2,7812
link,2,7813
styled,2,7814
noisy,2,7815
credentials,2,7816
kingdom,2,7817
primary,2,7818
folios,2,7819
vi,2,7820
physeter,2,7821
enlarged,2,7822
quickening,2,7823
syllable,2,7824
dealers,2,7825
mysticetus,2,7826
brazil,2,7827
agree,2,7828
reckon,2,7829
resembles,2,7830
moderately,2,7831
ripples,2,7832
cain,2,7833
theoretic,2,7834
beaked,2,7835
dispersed,2,7836
humpbacked,2,7837
ceases,2,7838
combinations,2,7839
available,2,7840
adopted,2,7841
eludes,2,7842
brimstone,2,7843
profounder,2,7844
remoter,2,7845
proportionate,2,7846
distinctive,2,7847
moderate,2,7848
voracity,2,7849
nostril,2,7850
attain,2,7851
tusk,2,7852
analogous,2,7853
rake,2,7854
sided,2,7855
prices,2,7856
fainting,2,7857
manufactured,2,7858
hartshorn,2,7859
martin,2,7860
highness,2,7861
picturesque,2,7862
leech,2,7863
exception,2,7864
ferule,2,7865
flogging,2,7866
schoolmasters,2,7867
outlaws,2,7868
lawless,2,7869
duodecimoes,2,7870
algerine,2,7871
marshalled,2,7872
july,2,7873
gamesomeness,2,7874
gallon,2,7875
jewellers,2,7876
miniature,2,7877
differs,2,7878
sentimental,2,7879
incorporated,2,7880
omit,2,7881
obsolete,2,7882
erections,2,7883
architects,2,7884
marine,2,7885
department,2,7886
abridged,2,7887
ranks,2,7888
political,2,7889
communicating,2,7890
materially,2,7891
skipper,2,7892
elated,2,7893
condescension,2,7894
paramount,2,7895
masked,2,7896
sultanism,2,7897
paltry,2,7898
princes,2,7899
inferiority,2,7900
undoubted,2,7901
imparted,2,7902
indomitableness,2,7903
mutely,2,7904
echo,2,7905
rollicking,2,7906
pauses,2,7907
defyingly,2,7908
humble,2,7909
caesar,2,7910
maned,2,7911
alms,2,7912
tenderly,2,7913
racket,2,7914
shinbones,2,7915
tantamount,2,7916
premium,2,7917
subaltern,2,7918
hungry,2,7919
grudge,2,7920
license,2,7921
masters,2,7922
hinges,2,7923
spices,2,7924
vacancies,2,7925
quarried,2,7926
accelerating,2,7927
assisted,2,7928
fearfully,2,7929
wonderfully,2,7930
dainty,2,7931
baronial,2,7932
drank,2,7933
dilated,2,7934
smack,2,7935
palsy,2,7936
whetstone,2,7937
sharpen,2,7938
tranquillize,2,7939
waits,2,7940
jingling,2,7941
socially,2,7942
inaccessible,2,7943
missouri,2,7944
paws,2,7945
inclement,2,7946
rotation,2,7947
builders,2,7948
babel,2,7949
assertion,2,7950
supported,2,7951
pillar,2,7952
frosts,2,7953
valiantly,2,7954
incompetent,2,7955
befriend,2,7956
surmised,2,7957
haze,2,7958
meditative,2,7959
indolently,2,7960
drowsy,2,7961
securities,2,7962
deplored,2,7963
destitute,2,7964
fleshy,2,7965
circumstantial,2,7966
invented,2,7967
conveniences,2,7968
stray,2,7969
narwhales,2,7970
labor,2,7971
observations,2,7972
immersed,2,7973
mathematics,2,7974
seductive,2,7975
leisurely,2,7976
destination,2,7977
unseasonable,2,7978
richer,2,7979
cadence,2,7980
undiscernible,2,7981
pantheistic,2,7982
hover,2,7983
shriek,2,7984
twill,2,7985
cautiously,2,7986
impulsive,2,7987
clubbed,2,7988
unexpected,2,7989
tune,2,7990
dollar,2,7991
heighten,2,7992
exclaiming,2,7993
nailing,2,7994
recollection,2,7995
faltering,2,7996
wheat,2,7997
wool,2,7998
grog,2,7999
hoot,2,8000
girdling,2,8001
mouldings,2,8002
prisoner,2,8003
shoved,2,8004
blasphemy,2,8005
presiding,2,8006
chilian,2,8007
lifts,2,8008
inhaled,2,8009
oppose,2,8010
flap,2,8011
downcast,2,8012
predictions,2,8013
foregoing,2,8014
group,2,8015
bloodshot,2,8016
wolves,2,8017
charged,2,8018
draughts,2,8019
hoof,2,8020
revive,2,8021
expired,2,8022
pope,2,8023
washes,2,8024
beggars,2,8025
seizings,2,8026
goblet,2,8027
bearers,2,8028
sockets,2,8029
bestow,2,8030
league,2,8031
maledictions,2,8032
turbid,2,8033
rim,2,8034
lombardy,2,8035
dazzlingly,2,8036
jagged,2,8037
nobly,2,8038
loveliness,2,8039
willed,2,8040
prophesy,2,8041
cricket,2,8042
players,2,8043
blinded,2,8044
schoolboys,2,8045
gorges,2,8046
torrents,2,8047
dusk,2,8048
sting,2,8049
lurid,2,8050
insulting,2,8051
wedge,2,8052
unfaltering,2,8053
embattled,2,8054
bantering,2,8055
builded,2,8056
gurglings,2,8057
wisest,2,8058
leering,2,8059
fa,2,8060
lirra,2,8061
skirra,2,8062
fleeting,2,8063
digestion,2,8064
spy,2,8065
hogshead,2,8066
l,2,8067
maty,2,8068
tier,2,8069
kiss,2,8070
wag,2,8071
floors,2,8072
excuse,2,8073
maltese,2,8074
partners,2,8075
azore,2,8076
bitts,2,8077
jinglers,2,8078
threat,2,8079
scholars,2,8080
whiff,2,8081
clusters,2,8082
brahma,2,8083
flutterings,2,8084
nakedness,2,8085
heeva,2,8086
palmed,2,8087
transplanted,2,8088
peak,2,8089
swashing,2,8090
pell,2,8091
mell,2,8092
undeniable,2,8093
jago,2,8094
drunk,2,8095
shrinking,2,8096
crash,2,8097
whang,2,8098
climbing,2,8099
anaconda,2,8100
unaccompanied,2,8101
indirect,2,8102
meridian,2,8103
assailants,2,8104
unfrequent,2,8105
fearlessly,2,8106
ensue,2,8107
ankles,2,8108
piling,2,8109
histories,2,8110
adequate,2,8111
cling,2,8112
astonishing,2,8113
widest,2,8114
incorporate,2,8115
suggestions,2,8116
visibly,2,8117
prestige,2,8118
courageous,2,8119
contest,2,8120
feelingly,2,8121
povelson,2,8122
ferocious,2,8123
precipitancy,2,8124
bloodthirsty,2,8125
revived,2,8126
although,2,8127
hopefully,2,8128
documents,2,8129
calamity,2,8130
ubiquitous,2,8131
erudite,2,8132
speculations,2,8133
modes,2,8134
gainsaid,2,8135
exceeded,2,8136
equalled,2,8137
immortality,2,8138
deception,2,8139
surmisings,2,8140
pyramidical,2,8141
spangled,2,8142
exulting,2,8143
symptom,2,8144
bruited,2,8145
aforethought,2,8146
unintelligent,2,8147
pitches,2,8148
curds,2,8149
fathom,2,8150
vindictiveness,2,8151
incarnation,2,8152
lung,2,8153
raving,2,8154
lace,2,8155
hudson,2,8156
unfathomably,2,8157
intellect,2,8158
sanely,2,8159
sadder,2,8160
fantastic,2,8161
exiled,2,8162
sane,2,8163
dissembling,2,8164
grieved,2,8165
brooding,2,8166
distrusting,2,8167
gnawed,2,8168
corporeally,2,8169
superlatively,2,8170
jollity,2,8171
recklessness,2,8172
unsuspected,2,8173
whither,2,8174
skiff,2,8175
abandonment,2,8176
siam,2,8177
mastership,2,8178
sympathies,2,8179
emblem,2,8180
contributes,2,8181
worshippers,2,8182
mythologies,2,8183
iroquois,2,8184
sacrifice,2,8185
spotless,2,8186
cassock,2,8187
affrights,2,8188
bounds,2,8189
heightens,2,8190
ghostliness,2,8191
requiem,2,8192
coleridge,2,8193
inexpressible,2,8194
poem,2,8195
tally,2,8196
monarchs,2,8197
xerxes,2,8198
cascade,2,8199
mane,2,8200
resplendent,2,8201
trappers,2,8202
browed,2,8203
reddening,2,8204
questioned,2,8205
divineness,2,8206
accessory,2,8207
shocks,2,8208
enlist,2,8209
auxiliary,2,8210
gazer,2,8211
trepidation,2,8212
rides,2,8213
impart,2,8214
exert,2,8215
subtlety,2,8216
appeals,2,8217
imaginative,2,8218
shared,2,8219
unsophisticated,2,8220
friar,2,8221
untravelled,2,8222
dreaminess,2,8223
lacquered,2,8224
remembrance,2,8225
earthquakes,2,8226
crosses,2,8227
adroop,2,8228
tearless,2,8229
decay,2,8230
rigid,2,8231
awfulness,2,8232
encircling,2,8233
headlands,2,8234
whitened,2,8235
assures,2,8236
rests,2,8237
fancying,2,8238
altitudes,2,8239
inhuman,2,8240
solitudes,2,8241
backwoodsman,2,8242
unbounded,2,8243
scenery,2,8244
sayest,2,8245
muskiness,2,8246
phrensies,2,8247
affright,2,8248
oregon,2,8249
snows,2,8250
solved,2,8251
incantation,2,8252
blankness,2,8253
shrink,2,8254
substances,2,8255
paints,2,8256
cosmetic,2,8257
medium,2,8258
tinge,2,8259
cordon,2,8260
biscuits,2,8261
knitting,2,8262
yellowish,2,8263
tracing,2,8264
maze,2,8265
studied,2,8266
logs,2,8267
elaborate,2,8268
lieutenant,2,8269
completion,2,8270
unavoidable,2,8271
vein,2,8272
delirious,2,8273
solitaries,2,8274
volcano,2,8275
casual,2,8276
possibilities,2,8277
conjoined,2,8278
technical,2,8279
deeds,2,8280
flattering,2,8281
enduring,2,8282
bengal,2,8283
circumnavigating,2,8284
unmistakable,2,8285
tallied,2,8286
poring,2,8287
breathless,2,8288
recover,2,8289
exhausting,2,8290
throes,2,8291
glaring,2,8292
weakness,2,8293
resolve,2,8294
plainest,2,8295
integral,2,8296
leagued,2,8297
formless,2,8298
affidavit,2,8299
incredulity,2,8300
citations,2,8301
reliably,2,8302
trading,2,8303
tigers,2,8304
brushing,2,8305
recognise,2,8306
acquaintance,2,8307
salutations,2,8308
privileges,2,8309
timor,2,8310
semblance,2,8311
miguel,2,8312
scholar,2,8313
printed,2,8314
conception,2,8315
casualties,2,8316
transient,2,8317
exposure,2,8318
tempted,2,8319
warrant,2,8320
injury,2,8321
combining,2,8322
indicated,2,8323
resentment,2,8324
p,2,8325
sandwich,2,8326
sceptical,2,8327
smite,2,8328
consisted,2,8329
interview,2,8330
nineteenth,2,8331
wolf,2,8332
uninjured,2,8333
boston,2,8334
prepare,2,8335
granted,2,8336
carriages,2,8337
davis,2,8338
impute,2,8339
imputation,2,8340
rally,2,8341
conveying,2,8342
expansion,2,8343
illustration,2,8344
justinian,2,8345
trustworthy,2,8346
constitution,2,8347
investigations,2,8348
barbary,2,8349
passes,2,8350
dardanelles,2,8351
cuttle,2,8352
clearly,2,8353
actions,2,8354
interests,2,8355
slew,2,8356
multiplied,2,8357
hypothesis,2,8358
accomplish,2,8359
relation,2,8360
joyfully,2,8361
respecting,2,8362
superlative,2,8363
foreseeing,2,8364
proof,2,8365
protracted,2,8366
requisite,2,8367
employments,2,8368
constitutional,2,8369
sepulchre,2,8370
perquisites,2,8371
disgust,2,8372
quiescent,2,8373
prematurely,2,8374
legal,2,8375
barely,2,8376
consequences,2,8377
protect,2,8378
subjected,2,8379
reporting,2,8380
unthinkingly,2,8381
unchanging,2,8382
interblending,2,8383
ply,2,8384
destiny,2,8385
hitting,2,8386
slantingly,2,8387
fabric,2,8388
fashions,2,8389
nowise,2,8390
incompatible,2,8391
wand,2,8392
seer,2,8393
confidently,2,8394
mills,2,8395
deceitfulness,2,8396
mainyard,2,8397
expectantly,2,8398
turban,2,8399
diabolism,2,8400
sighed,2,8401
backbones,2,8402
inculcating,2,8403
passions,2,8404
broadly,2,8405
gaped,2,8406
flint,2,8407
freed,2,8408
creeping,2,8409
enigmatical,2,8410
strokes,2,8411
boiler,2,8412
depressions,2,8413
lowerings,2,8414
tossings,2,8415
spacious,2,8416
erecting,2,8417
tyro,2,8418
sustaining,2,8419
flaxen,2,8420
ostentatious,2,8421
lordly,2,8422
alter,2,8423
aslant,2,8424
rammed,2,8425
ignited,2,8426
phrensy,2,8427
greenish,2,8428
confused,2,8429
heated,2,8430
outriders,2,8431
entreaty,2,8432
thunderbolts,2,8433
flirted,2,8434
merrily,2,8435
bowls,2,8436
glens,2,8437
brood,2,8438
thrilling,2,8439
tilted,2,8440
suffusing,2,8441
hurtling,2,8442
wallowing,2,8443
litter,2,8444
crests,2,8445
ledge,2,8446
helter,2,8447
skelter,2,8448
bale,2,8449
failures,2,8450
mists,2,8451
wit,2,8452
disputing,2,8453
beliefs,2,8454
difficulties,2,8455
joker,2,8456
discretion,2,8457
leaking,2,8458
squint,2,8459
impartial,2,8460
occurrence,2,8461
heedfulness,2,8462
lawyer,2,8463
diversion,2,8464
easier,2,8465
bars,2,8466
toe,2,8467
kneel,2,8468
maimed,2,8469
solicitude,2,8470
shaping,2,8471
depression,2,8472
chisel,2,8473
waned,2,8474
wane,2,8475
beelzebub,2,8476
sustain,2,8477
glide,2,8478
indulged,2,8479
amours,2,8480
rio,2,8481
plata,2,8482
southerly,2,8483
seethings,2,8484
uttering,2,8485
impressive,2,8486
exciting,2,8487
goal,2,8488
arrows,2,8489
jetted,2,8490
starlight,2,8491
repetition,2,8492
alluring,2,8493
unnearable,2,8494
treacherously,2,8495
beckoning,2,8496
wearily,2,8497
uninhabited,2,8498
yore,2,8499
perfidious,2,8500
unvarying,2,8501
loosened,2,8502
inform,2,8503
traced,2,8504
channels,2,8505
raiment,2,8506
inspire,2,8507
distances,2,8508
mazes,2,8509
negative,2,8510
information,2,8511
barrens,2,8512
salisbury,2,8513
casually,2,8514
hails,2,8515
blurred,2,8516
files,2,8517
transfer,2,8518
exchange,2,8519
peasant,2,8520
ensigns,2,8521
brotherly,2,8522
repeat,2,8523
index,2,8524
learnedly,2,8525
whaleships,2,8526
gamming,2,8527
steers,2,8528
sofa,2,8529
reciprocating,2,8530
obscurely,2,8531
secrecy,2,8532
withhold,2,8533
abaft,2,8534
thread,2,8535
gallipagos,2,8536
gilt,2,8537
piazza,2,8538
rehearsing,2,8539
awaited,2,8540
searching,2,8541
cruisings,2,8542
ontario,2,8543
michigan,2,8544
traits,2,8545
polynesian,2,8546
mackinaw,2,8547
genealogies,2,8548
afric,2,8549
buck,2,8550
inflexible,2,8551
docile,2,8552
pumping,2,8553
subsiding,2,8554
slily,2,8555
manhood,2,8556
pulverize,2,8557
snorting,2,8558
charlemagne,2,8559
posse,2,8560
slashing,2,8561
clanged,2,8562
engines,2,8563
cozening,2,8564
meddle,2,8565
allowing,2,8566
washing,2,8567
province,2,8568
gangs,2,8569
stacks,2,8570
alluding,2,8571
domineering,2,8572
irritated,2,8573
sweating,2,8574
brook,2,8575
incensed,2,8576
menacing,2,8577
warned,2,8578
thousandth,2,8579
unflinching,2,8580
backstays,2,8581
populous,2,8582
swamps,2,8583
unrivalled,2,8584
venice,2,8585
dominic,2,8586
thanks,2,8587
canaller,2,8588
nile,2,8589
cleopatra,2,8590
brigandish,2,8591
gaily,2,8592
smiling,2,8593
vagabond,2,8594
ungrateful,2,8595
wealthy,2,8596
spilling,2,8597
junior,2,8598
border,2,8599
desperadoes,2,8600
worst,2,8601
pistols,2,8602
desisted,2,8603
insurgents,2,8604
response,2,8605
sentences,2,8606
flogged,2,8607
preceded,2,8608
feared,2,8609
bulkhead,2,8610
clanking,2,8611
yell,2,8612
delivered,2,8613
betake,2,8614
clicked,2,8615
stung,2,8616
mocking,2,8617
shrieked,2,8618
claimed,2,8619
flog,2,8620
lifelessly,2,8621
gag,2,8622
cramped,2,8623
inaudible,2,8624
entreaties,2,8625
reappeared,2,8626
mainly,2,8627
lanyard,2,8628
daybreak,2,8629
teneriffe,2,8630
spaniards,2,8631
charted,2,8632
blent,2,8633
righted,2,8634
swimmer,2,8635
reduced,2,8636
unresting,2,8637
necessitated,2,8638
weakened,2,8639
stacked,2,8640
procure,2,8641
cocoa,2,8642
entreat,2,8643
gravely,2,8644
imaginary,2,8645
grecian,2,8646
sculptures,2,8647
temples,2,8648
presentations,2,8649
pursuits,2,8650
avocation,2,8651
shadowed,2,8652
depicting,2,8653
guido,2,8654
corpulence,2,8655
undulates,2,8656
bibles,2,8657
binder,2,8658
vine,2,8659
saratoga,2,8660
baden,2,8661
delineations,2,8662
collection,2,8663
friesland,2,8664
inelegant,2,8665
bernard,2,8666
blundering,2,8667
provide,2,8668
mistakes,2,8669
represent,2,8670
undulations,2,8671
platonian,2,8672
jeremy,2,8673
burly,2,8674
padded,2,8675
envelopes,2,8676
permanently,2,8677
fastidious,2,8678
outlines,2,8679
huggins,2,8680
attacking,2,8681
scepticism,2,8682
admirably,2,8683
engraved,2,8684
executed,2,8685
stoven,2,8686
cooking,2,8687
pecking,2,8688
pestilent,2,8689
lipped,2,8690
causing,2,8691
artistic,2,8692
powerless,2,8693
tutored,2,8694
triumphal,2,8695
centaurs,2,8696
picturesqueness,2,8697
sketches,2,8698
presenting,2,8699
inshore,2,8700
rains,2,8701
ruefully,2,8702
busks,2,8703
carve,2,8704
hawaiian,2,8705
multiplicity,2,8706
trophy,2,8707
workmanlike,2,8708
petrified,2,8709
ridges,2,8710
incognita,2,8711
chronicled,2,8712
effulgent,2,8713
bridle,2,8714
fabled,2,8715
grassy,2,8716
swaths,2,8717
renders,2,8718
analogy,2,8719
unspeakably,2,8720
columbus,2,8721
superficial,2,8722
immemorially,2,8723
brag,2,8724
stiffest,2,8725
covers,2,8726
sparing,2,8727
controls,2,8728
wading,2,8729
impelling,2,8730
bees,2,8731
attendance,2,8732
whichever,2,8733
reappearance,2,8734
innumerable,2,8735
rarely,2,8736
ultimately,2,8737
magical,2,8738
bedded,2,8739
stowing,2,8740
distributed,2,8741
cake,2,8742
threaten,2,8743
hovers,2,8744
profundity,2,8745
crier,2,8746
festoon,2,8747
continues,2,8748
tedious,2,8749
writhing,2,8750
contortions,2,8751
gayer,2,8752
mirth,2,8753
simultaneousness,2,8754
pierce,2,8755
affords,2,8756
nodded,2,8757
igniting,2,8758
sluggish,2,8759
galliot,2,8760
kee,2,8761
cage,2,8762
yells,2,8763
circlings,2,8764
mingled,2,8765
edged,2,8766
staggering,2,8767
played,2,8768
pacifics,2,8769
sterning,2,8770
brooks,2,8771
pond,2,8772
agonizingly,2,8773
imperilled,2,8774
struggle,2,8775
abating,2,8776
agonized,2,8777
clotted,2,8778
projects,2,8779
reposing,2,8780
anticipatingly,2,8781
dangling,2,8782
faithfully,2,8783
tandem,2,8784
argosy,2,8785
density,2,8786
heavier,2,8787
junction,2,8788
lobes,2,8789
liveliness,2,8790
stoutly,2,8791
mingling,2,8792
mumblings,2,8793
gouge,2,8794
longingly,2,8795
tasselled,2,8796
jewel,2,8797
hilariously,2,8798
blacks,2,8799
morsel,2,8800
message,2,8801
slap,2,8802
convert,2,8803
woraciousness,2,8804
gentlemanly,2,8805
blame,2,8806
gobern,2,8807
wid,2,8808
bust,2,8809
dention,2,8810
teak,2,8811
ferry,2,8812
roanoke,2,8813
joosy,2,8814
hisself,2,8815
bressed,2,8816
esteemed,2,8817
spiced,2,8818
pie,2,8819
esquimaux,2,8820
vintages,2,8821
strips,2,8822
englishmen,2,8823
resemble,2,8824
richness,2,8825
growth,2,8826
partaking,2,8827
epicures,2,8828
et,2,8829
cellar,2,8830
gourmand,2,8831
suppression,2,8832
pens,2,8833
massacre,2,8834
incalculable,2,8835
viciously,2,8836
unsafe,2,8837
corresponds,2,8838
officio,2,8839
hawser,2,8840
conducted,2,8841
careens,2,8842
quivers,2,8843
nods,2,8844
rind,2,8845
dexterously,2,8846
slices,2,8847
heavers,2,8848
consistence,2,8849
grained,2,8850
preposterous,2,8851
arguments,2,8852
outermost,2,8853
reasonably,2,8854
brittle,2,8855
fourths,2,8856
liquid,2,8857
linear,2,8858
hieroglyphic,2,8859
scratches,2,8860
wrapt,2,8861
surtout,2,8862
temperature,2,8863
insatiate,2,8864
rapacious,2,8865
beaks,2,8866
roods,2,8867
mourning,2,8868
peradventure,2,8869
unharming,2,8870
believer,2,8871
sphynx,2,8872
stripping,2,8873
operate,2,8874
discoloured,2,8875
marvel,2,8876
severed,2,8877
barn,2,8878
steeply,2,8879
crutch,2,8880
ballasted,2,8881
sleepless,2,8882
accommodate,2,8883
communications,2,8884
topsail,2,8885
interruptions,2,8886
interruption,2,8887
fanatic,2,8888
scaramouch,2,8889
neskyeuna,2,8890
shakers,2,8891
gunpowder,2,8892
apostolic,2,8893
freshet,2,8894
vials,2,8895
disciples,2,8896
freedom,2,8897
fevers,2,8898
ardour,2,8899
narration,2,8900
blasphemer,2,8901
bethought,2,8902
sorely,2,8903
insert,2,8904
wager,2,8905
mutinous,2,8906
mill,2,8907
bond,2,8908
conceive,2,8909
jam,2,8910
pills,2,8911
multitudinous,2,8912
heedfully,2,8913
faithfulness,2,8914
unappalled,2,8915
freshly,2,8916
slaughtered,2,8917
happiness,2,8918
zeal,2,8919
slacked,2,8920
lucifer,2,8921
jub,2,8922
lockers,2,8923
commissioned,2,8924
fagged,2,8925
vomit,2,8926
lump,2,8927
snake,2,8928
swap,2,8929
bargain,2,8930
switching,2,8931
gentlemanlike,2,8932
porthole,2,8933
oughts,2,8934
orlop,2,8935
kidnapping,2,8936
contrasted,2,8937
observable,2,8938
dissimilar,2,8939
survey,2,8940
sashes,2,8941
puzzling,2,8942
problems,2,8943
beset,2,8944
leaf,2,8945
wondrously,2,8946
evenly,2,8947
hare,2,8948
capacious,2,8949
cathedrals,2,8950
lined,2,8951
hinge,2,8952
portcullis,2,8953
proves,2,8954
imprecate,2,8955
ringbolts,2,8956
stumps,2,8957
chariot,2,8958
crested,2,8959
comb,2,8960
bonnet,2,8961
unfortunate,2,8962
fissure,2,8963
curves,2,8964
calculate,2,8965
hogs,2,8966
bristles,2,8967
whisker,2,8968
moustache,2,8969
anne,2,8970
colonnades,2,8971
placidity,2,8972
estimate,2,8973
slopes,2,8974
prominence,2,8975
cranial,2,8976
development,2,8977
comprise,2,8978
inestimable,2,8979
impotently,2,8980
bravely,2,8981
hypothetically,2,8982
distension,2,8983
contraction,2,8984
provision,2,8985
depresses,2,8986
obedient,2,8987
costly,2,8988
magazine,2,8989
untimely,2,8990
invade,2,8991
tapped,2,8992
cat,2,8993
overhanging,2,8994
sheaved,2,8995
vivaciously,2,8996
alert,2,8997
oozy,2,8998
senses,2,8999
pendulous,2,9000
splash,2,9001
ripple,2,9002
averred,2,9003
obstetrics,2,9004
sagaciously,2,9005
makest,2,9006
smothered,2,9007
daintiest,2,9008
hearsed,2,9009
tombed,2,9010
plato,2,9011
scan,2,9012
bumps,2,9013
phrenologist,2,9014
undertaken,2,9015
hopeful,2,9016
gall,2,9017
manipulated,2,9018
phrenological,2,9019
anomalous,2,9020
belfry,2,9021
physiognomical,2,9022
insist,2,9023
beadle,2,9024
foreheads,2,9025
immensely,2,9026
amplified,2,9027
dumbly,2,9028
magian,2,9029
crocodile,2,9030
livingly,2,9031
egotistical,2,9032
champollion,2,9033
chaldee,2,9034
squared,2,9035
exhilarating,2,9036
rudimental,2,9037
undeveloped,2,9038
phrenologists,2,9039
cerebellum,2,9040
upheld,2,9041
rejoice,2,9042
communicates,2,9043
emerging,2,9044
convex,2,9045
relative,2,9046
bremen,2,9047
tin,2,9048
heeding,2,9049
slewed,2,9050
feeders,2,9051
acre,2,9052
yaw,2,9053
overladen,2,9054
sling,2,9055
rivals,2,9056
brandy,2,9057
halloo,2,9058
spit,2,9059
jacks,2,9060
unmannerly,2,9061
loads,2,9062
gallantry,2,9063
crab,2,9064
piratical,2,9065
chained,2,9066
respiration,2,9067
stoutest,2,9068
foiled,2,9069
baffled,2,9070
distressed,2,9071
kettles,2,9072
tumultuously,2,9073
exhaust,2,9074
sterns,2,9075
groan,2,9076
wires,2,9077
bounce,2,9078
non,2,9079
perilously,2,9080
illuminate,2,9081
disclosed,2,9082
piteous,2,9083
lowers,2,9084
denote,2,9085
cabinet,2,9086
resolutely,2,9087
locking,2,9088
crows,2,9089
sparks,2,9090
pads,2,9091
lapse,2,9092
gases,2,9093
buoys,2,9094
fraternity,2,9095
daughter,2,9096
exploit,2,9097
crawled,2,9098
ridden,2,9099
philistines,2,9100
frocks,2,9101
rejoicing,2,9102
rehearsed,2,9103
shaster,2,9104
sanctified,2,9105
vedas,2,9106
rescued,2,9107
falls,2,9108
continental,2,9109
commentators,2,9110
preserver,2,9111
tigris,2,9112
site,2,9113
headland,2,9114
clergy,2,9115
devoutly,2,9116
mosque,2,9117
grease,2,9118
exertion,2,9119
unintermitted,2,9120
accurately,2,9121
coolness,2,9122
fleecy,2,9123
juggler,2,9124
impulse,2,9125
skilful,2,9126
sprinkling,2,9127
mistifying,2,9128
inhaling,2,9129
windpipe,2,9130
surplus,2,9131
camel,2,9132
allowance,2,9133
individuals,2,9134
serving,2,9135
olfactories,2,9136
violets,2,9137
gas,2,9138
returns,2,9139
smart,2,9140
evade,2,9141
undisputed,2,9142
reflected,2,9143
canopy,2,9144
glorified,2,9145
regards,2,9146
expands,2,9147
strata,2,9148
student,2,9149
feminine,2,9150
teachings,2,9151
wielded,2,9152
peaking,2,9153
materials,2,9154
prehensile,2,9155
flower,2,9156
plays,2,9157
testified,2,9158
mason,2,9159
assailant,2,9160
dissect,2,9161
peninsula,2,9162
malacca,2,9163
territories,2,9164
convenience,2,9165
jewels,2,9166
fortresses,2,9167
danes,2,9168
renounce,2,9169
islets,2,9170
zoned,2,9171
roundabout,2,9172
admonished,2,9173
delighted,2,9174
saluted,2,9175
unwearied,2,9176
caravans,2,9177
greeted,2,9178
semicircle,2,9179
bluish,2,9180
chimneys,2,9181
defile,2,9182
infernally,2,9183
battalions,2,9184
redoubled,2,9185
shirts,2,9186
porus,2,9187
excessive,2,9188
characteristic,2,9189
buffaloes,2,9190
outlets,2,9191
folly,2,9192
outskirts,2,9193
anticipated,2,9194
throb,2,9195
wonted,2,9196
swamp,2,9197
seats,2,9198
parting,2,9199
momentum,2,9200
sleek,2,9201
cows,2,9202
routed,2,9203
inclusive,2,9204
prevented,2,9205
becharmed,2,9206
suckling,2,9207
nourishment,2,9208
spiralling,2,9209
subtlest,2,9210
contingency,2,9211
centrally,2,9212
bathe,2,9213
sundering,2,9214
gripe,2,9215
illustrative,2,9216
females,2,9217
concubines,2,9218
lounged,2,9219
anticipation,2,9220
unwarrantably,2,9221
bashaw,2,9222
unprincipled,2,9223
lothario,2,9224
roving,2,9225
increase,2,9226
memoirs,2,9227
younger,2,9228
pupils,2,9229
comprised,2,9230
formal,2,9231
code,2,9232
decreed,2,9233
meddling,2,9234
waifing,2,9235
fist,2,9236
doxology,2,9237
ellenborough,2,9238
witty,2,9239
recent,2,9240
viciousness,2,9241
pleadings,2,9242
acquired,2,9243
slaves,2,9244
ruinous,2,9245
discount,2,9246
broker,2,9247
woebegone,2,9248
savesoul,2,9249
doctrine,2,9250
greece,2,9251
anomaly,2,9252
fobbing,2,9253
respectful,2,9254
scratching,2,9255
plowdon,2,9256
soundest,2,9257
prynne,2,9258
recounted,2,9259
furled,2,9260
exhale,2,9261
nosegay,2,9262
entrapped,2,9263
moulded,2,9264
dirty,2,9265
booms,2,9266
detestation,2,9267
interpreter,2,9268
diddled,2,9269
perfume,2,9270
mottled,2,9271
beads,2,9272
inglorious,2,9273
incorruption,2,9274
cemeteries,2,9275
excavating,2,9276
imports,2,9277
smeer,2,9278
berg,2,9279
furnaces,2,9280
casked,2,9281
detect,2,9282
brightness,2,9283
holidays,2,9284
unaccountably,2,9285
tolland,2,9286
county,2,9287
enlivened,2,9288
frolic,2,9289
effulgences,2,9290
nervousness,2,9291
poltroon,2,9292
evaporate,2,9293
spying,2,9294
miser,2,9295
orbs,2,9296
weal,2,9297
uncompromised,2,9298
bath,2,9299
concreted,2,9300
lumps,2,9301
globules,2,9302
divinely,2,9303
petulance,2,9304
squeezed,2,9305
shift,2,9306
felicity,2,9307
visions,2,9308
discoursing,2,9309
fragmentary,2,9310
venison,2,9311
decanting,2,9312
allures,2,9313
recondite,2,9314
gaffman,2,9315
gaff,2,9316
irresistibly,2,9317
kentuckian,2,9318
endwise,2,9319
rapt,2,9320
improving,2,9321
tunnel,2,9322
shrivelled,2,9323
frigates,2,9324
pronged,2,9325
begrimed,2,9326
matted,2,9327
emblazonings,2,9328
fatally,2,9329
lids,2,9330
morn,2,9331
griefs,2,9332
hospitals,2,9333
soar,2,9334
solar,2,9335
hunts,2,9336
freshets,2,9337
brewery,2,9338
possesses,2,9339
lye,2,9340
brushed,2,9341
cleansed,2,9342
aglow,2,9343
allude,2,9344
sweatings,2,9345
toilings,2,9346
morass,2,9347
livelong,2,9348
volcanoes,2,9349
banners,2,9350
libra,2,9351
undaunted,2,9352
equinox,2,9353
writing,2,9354
trinity,2,9355
beacon,2,9356
almanac,2,9357
daboll,2,9358
arithmetic,2,9359
taurus,2,9360
gemini,2,9361
twins,2,9362
bites,2,9363
marry,2,9364
curing,2,9365
sagittarius,2,9366
archer,2,9367
aquarius,2,9368
writ,2,9369
cigars,2,9370
navel,2,9371
unscrew,2,9372
hish,2,9373
hourly,2,9374
instantaneously,2,9375
awkwardness,2,9376
milling,2,9377
humoredly,2,9378
grandfather,2,9379
rank,2,9380
marlingspike,2,9381
sammy,2,9382
total,2,9383
digest,2,9384
decanter,2,9385
amelia,2,9386
rattler,2,9387
syren,2,9388
symmetrically,2,9389
coopman,2,9390
cellars,2,9391
texel,2,9392
ankers,2,9393
devoted,2,9394
suggested,2,9395
natures,2,9396
hose,2,9397
rafters,2,9398
adult,2,9399
vertu,2,9400
deafened,2,9401
thinkings,2,9402
idler,2,9403
vines,2,9404
youthful,2,9405
echoed,2,9406
admeasurements,2,9407
museum,2,9408
burton,2,9409
constable,2,9410
keys,2,9411
calculation,2,9412
quickest,2,9413
involutions,2,9414
hawsers,2,9415
fossiliferous,2,9416
flea,2,9417
vesuvius,2,9418
intercepted,2,9419
antichronical,2,9420
disinterred,2,9421
saturn,2,9422
himmalehs,2,9423
older,2,9424
pharaoh,2,9425
planisphere,2,9426
grotesque,2,9427
omniscient,2,9428
penetrating,2,9429
extinction,2,9430
gradual,2,9431
outlast,2,9432
crest,2,9433
ancestry,2,9434
archangelic,2,9435
moons,2,9436
exclusiveness,2,9437
moodily,2,9438
wails,2,9439
sizes,2,9440
tweezers,2,9441
drat,2,9442
smut,2,9443
finish,2,9444
sneezing,2,9445
grip,2,9446
humbly,2,9447
crucible,2,9448
heron,2,9449
slate,2,9450
braced,2,9451
critically,2,9452
moles,2,9453
lowermost,2,9454
bundles,2,9455
fuller,2,9456
sickness,2,9457
fainter,2,9458
extremities,2,9459
overhearing,2,9460
attentive,2,9461
thereupon,2,9462
ebb,2,9463
blistered,2,9464
gait,2,9465
basement,2,9466
mermaids,2,9467
guilt,2,9468
bristling,2,9469
hammering,2,9470
scorch,2,9471
woeful,2,9472
welding,2,9473
weld,2,9474
glue,2,9475
pain,2,9476
razors,2,9477
nomine,2,9478
hickory,2,9479
harp,2,9480
hollowly,2,9481
fang,2,9482
parched,2,9483
earthy,2,9484
dew,2,9485
foundling,2,9486
oust,2,9487
basketed,2,9488
kindling,2,9489
hued,2,9490
forebodings,2,9491
receding,2,9492
stilly,2,9493
favouring,2,9494
speakest,2,9495
rainbowed,2,9496
pall,2,9497
befall,2,9498
immeasurable,2,9499
toy,2,9500
clustered,2,9501
cruellest,2,9502
sieve,2,9503
tipped,2,9504
tri,2,9505
mene,2,9506
pallidness,2,9507
placeless,2,9508
personality,2,9509
lashings,2,9510
afire,2,9511
fitful,2,9512
bubblingly,2,9513
transpointed,2,9514
dictating,2,9515
shudderings,2,9516
exchanged,2,9517
spool,2,9518
unwinding,2,9519
cowardly,2,9520
dams,2,9521
sobbing,2,9522
bodings,2,9523
foreshadowing,2,9524
caulk,2,9525
tinkers,2,9526
jobs,2,9527
ferrule,2,9528
musical,2,9529
paternal,2,9530
gardiner,2,9531
tack,2,9532
cherry,2,9533
cures,2,9534
monsieurs,2,9535
awed,2,9536
slouching,2,9537
gnarled,2,9538
discerned,2,9539
watchman,2,9540
swooping,2,9541
ventured,2,9542
tarquin,2,9543
disappearance,2,9544
shortened,2,9545
stunsails,2,9546
streaming,2,9547
expectant,2,9548
scrolled,2,9549
tilting,2,9550
poise,2,9551
banked,2,9552
intending,2,9553
suspense,2,9554
breaching,2,9555
tangles,2,9556
splinter,2,9557
omens,2,9558
goest,2,9559
bodiless,2,9560
overspreading,2,9561
befooled,2,9562
destroying,2,9563
vortex,2,9564
herman,1,9565
melville,1,9566
etymology,1,9567
consumptive,1,9568
threadbare,1,9569
lexicons,1,9570
mockingly,1,9571
flags,1,9572
mortality,1,9573
signification,1,9574
sw,1,9575
hval,1,9576
roundness,1,9577
dut,1,9578
ger,1,9579
wallen,1,9580
walw,1,9581
ian,1,9582
richardson,1,9583
ketos,1,9584
whoel,1,9585
anglo,1,9586
wal,1,9587
hwal,1,9588
swedish,1,9589
baleine,1,9590
ballena,1,9591
fegee,1,9592
erromangoan,1,9593
librarian,1,9594
painstaking,1,9595
burrower,1,9596
vaticans,1,9597
stalls,1,9598
higgledy,1,9599
piggledy,1,9600
promiscuously,1,9601
commentator,1,9602
belongest,1,9603
sallow,1,9604
sherry,1,9605
loves,1,9606
bluntly,1,9607
subs,1,9608
thankless,1,9609
hampton,1,9610
hie,1,9611
refugees,1,9612
pampered,1,9613
michael,1,9614
raphael,1,9615
unsplinterable,1,9616
punish,1,9617
soever,1,9618
cometh,1,9619
incontinently,1,9620
perisheth,1,9621
plutarch,1,9622
morals,1,9623
breedeth,1,9624
whirlpooles,1,9625
balaene,1,9626
arpens,1,9627
tooke,1,9628
lucian,1,9629
catched,1,9630
octher,1,9631
gudgeon,1,9632
retires,1,9633
montaigne,1,9634
apology,1,9635
raimond,1,9636
sebond,1,9637
cartloads,1,9638
stowe,1,9639
bacon,1,9640
ork,1,9641
sovereignest,1,9642
bruise,1,9643
hamlet,1,9644
leach,1,9645
mote,1,9646
availle,1,9647
returne,1,9648
againe,1,9649
worker,1,9650
dinting,1,9651
paine,1,9652
thro,1,9653
maine,1,9654
faerie,1,9655
til,1,9656
davenant,1,9657
preface,1,9658
gondibert,1,9659
hosmannus,1,9660
nescio,1,9661
vide,1,9662
spencer,1,9663
talus,1,9664
flail,1,9665
threatens,1,9666
jav,1,9667
lins,1,9668
waller,1,9669
commonwealth,1,9670
civitas,1,9671
sentence,1,9672
hobbes,1,9673
mansoul,1,9674
chewing,1,9675
sprat,1,9676
draws,1,9677
fulller,1,9678
dryden,1,9679
annus,1,9680
mirabilis,1,9681
aground,1,9682
wantonness,1,9683
fuzzing,1,9684
vents,1,9685
herbert,1,9686
schouten,1,9687
elbe,1,9688
ducat,1,9689
herrings,1,9690
anno,1,9691
pitferren,1,9692
kinross,1,9693
fierceness,1,9694
strafford,1,9695
bermudas,1,9696
phil,1,9697
trans,1,9698
primer,1,9699
cowley,1,9700
frequendy,1,9701
insupportable,1,9702
disorder,1,9703
ulloa,1,9704
sylphs,1,9705
petticoat,1,9706
rape,1,9707
dung,1,9708
lime,1,9709
juniper,1,9710
uno,1,9711
troil,1,9712
nantuckois,1,9713
jefferson,1,9714
memorial,1,9715
minister,1,9716
guarding,1,9717
protecting,1,9718
robbers,1,9719
rodmond,1,9720
suspends,1,9721
attends,1,9722
falconer,1,9723
roofs,1,9724
domes,1,9725
rockets,1,9726
unwieldy,1,9727
dissection,1,9728
aorta,1,9729
gushing,1,9730
paley,1,9731
mammiferous,1,9732
peopling,1,9733
instincts,1,9734
trackless,1,9735
assaulted,1,9736
voracious,1,9737
spiral,1,9738
montgomery,1,9739
paean,1,9740
fatter,1,9741
charles,1,9742
susan,1,9743
hawthorne,1,9744
bespeak,1,9745
raal,1,9746
berlin,1,9747
gazette,1,9748
eckermann,1,9749
conversations,1,9750
piping,1,9751
dimmed,1,9752
phospher,1,9753
elizabeth,1,9754
oakes,1,9755
smith,1,9756
amounted,1,9757
agonies,1,9758
endures,1,9759
infuriated,1,9760
rears,1,9761
snaps,1,9762
propelled,1,9763
observers,1,9764
opportunities,1,9765
habitudes,1,9766
offensively,1,9767
artful,1,9768
mischievous,1,9769
debell,1,9770
october,1,9771
thar,1,9772
bowes,1,9773
os,1,9774
etchings,1,9775
cruize,1,9776
transactions,1,9777
relate,1,9778
survivors,1,9779
parried,1,9780
journal,1,9781
tyerman,1,9782
boldest,1,9783
persevering,1,9784
breakwater,1,9785
captors,1,9786
biography,1,9787
preble,1,9788
mcculloch,1,9789
reciprocal,1,9790
clews,1,9791
unpublished,1,9792
pedestrians,1,9793
recollect,1,9794
gateways,1,9795
retaking,1,9796
hobomack,1,9797
appliance,1,9798
fuego,1,9799
darwin,1,9800
wharton,1,9801
loomings,1,9802
spleen,1,9803
regulating,1,9804
circulation,1,9805
drizzly,1,9806
hypos,1,9807
philosophical,1,9808
cato,1,9809
manhattoes,1,9810
reefs,1,9811
downtown,1,9812
gazers,1,9813
circumambulate,1,9814
corlears,1,9815
coenties,1,9816
whitehall,1,9817
sentinels,1,9818
spiles,1,9819
pier,1,9820
lath,1,9821
counters,1,9822
desks,1,9823
loitering,1,9824
shady,1,9825
inlanders,1,9826
lanes,1,9827
alleys,1,9828
attract,1,9829
dale,1,9830
dreamiest,1,9831
shadiest,1,9832
quietest,1,9833
enchanting,1,9834
saco,1,9835
crucifix,1,9836
mazy,1,9837
tennessee,1,9838
rockaway,1,9839
persians,1,9840
narcissus,1,9841
ungraspable,1,9842
hazy,1,9843
quarrelsome,1,9844
offices,1,9845
abominate,1,9846
toils,1,9847
trials,1,9848
barques,1,9849
schooners,1,9850
broiling,1,9851
buttered,1,9852
judgmatically,1,9853
peppered,1,9854
reverentially,1,9855
idolatrous,1,9856
dotings,1,9857
ibis,1,9858
roasted,1,9859
bake,1,9860
plumb,1,9861
rensselaers,1,9862
randolphs,1,9863
hardicanutes,1,9864
lording,1,9865
tallest,1,9866
decoction,1,9867
seneca,1,9868
stoics,1,9869
testament,1,9870
promptly,1,9871
rub,1,9872
infliction,1,9873
urbane,1,9874
ills,1,9875
monied,1,9876
consign,1,9877
prevalent,1,9878
violate,1,9879
pythagorean,1,9880
commonalty,1,9881
police,1,9882
surveillance,1,9883
programme,1,9884
solo,1,9885
contested,1,9886
election,1,9887
presidency,1,9888
affghanistan,1,9889
managers,1,9890
genteel,1,9891
comedies,1,9892
farces,1,9893
cunningly,1,9894
disguises,1,9895
cajoling,1,9896
unbiased,1,9897
freewill,1,9898
discriminating,1,9899
overwhelming,1,9900
undeliverable,1,9901
itch,1,9902
forbidden,1,9903
ignoring,1,9904
lodges,1,9905
manhatto,1,9906
candidates,1,9907
penalties,1,9908
tyre,1,9909
carthage,1,9910
imported,1,9911
cobblestones,1,9912
bitingly,1,9913
shouldering,1,9914
price,1,9915
fervent,1,9916
asphaltic,1,9917
pavement,1,9918
flinty,1,9919
projections,1,9920
soles,1,9921
cheapest,1,9922
cheeriest,1,9923
invitingly,1,9924
particles,1,9925
peer,1,9926
wailing,1,9927
gnashing,1,9928
entertainment,1,9929
emigrant,1,9930
poverty,1,9931
creak,1,9932
lodgings,1,9933
zephyr,1,9934
hob,1,9935
toasting,1,9936
observest,1,9937
sashless,1,9938
glazier,1,9939
reasonest,1,9940
chinks,1,9941
crannies,1,9942
lint,1,9943
chattering,1,9944
shiverings,1,9945
cob,1,9946
redder,1,9947
orion,1,9948
glitters,1,9949
conservatories,1,9950
president,1,9951
blubbering,1,9952
straggling,1,9953
wainscots,1,9954
reminding,1,9955
oilpainting,1,9956
besmoked,1,9957
defaced,1,9958
unequal,1,9959
crosslights,1,9960
hags,1,9961
delineate,1,9962
bewitched,1,9963
ponderings,1,9964
boggy,1,9965
soggy,1,9966
squitchy,1,9967
froze,1,9968
heath,1,9969
icebound,1,9970
represents,1,9971
horner,1,9972
foundered,1,9973
clubs,1,9974
harvesting,1,9975
hacking,1,9976
horrifying,1,9977
swain,1,9978
blanco,1,9979
sojourning,1,9980
fireplaces,1,9981
duskier,1,9982
cockpits,1,9983
rarities,1,9984
shelves,1,9985
flasks,1,9986
bustles,1,9987
deliriums,1,9988
tumblers,1,9989
cylinders,1,9990
goggling,1,9991
deceitfully,1,9992
tapered,1,9993
pecked,1,9994
footpads,1,9995
shilling,1,9996
examining,1,9997
accommodated,1,9998
unoccupied,1,9999
haint,1,10000
pose,1,10001
whalin,1,10002
decidedly,1,10003
objectionable,1,10004
wander,1,10005
ruminating,1,10006
adorning,1,10007
potatoes,1,10008
sartainty,1,10009
diabolically,1,10010
steaks,1,10011
undress,1,10012
looker,1,10013
rioting,1,10014
feegees,1,10015
tramping,1,10016
bedarned,1,10017
eruption,1,10018
officiating,1,10019
brimmers,1,10020
complained,1,10021
potion,1,10022
colds,1,10023
catarrhs,1,10024
liquor,1,10025
arrantest,1,10026
topers,1,10027
obstreperously,1,10028
aloof,1,10029
desirous,1,10030
hilarity,1,10031
coffer,1,10032
southerner,1,10033
mountaineers,1,10034
alleghanian,1,10035
missed,1,10036
supernaturally,1,10037
congratulate,1,10038
multiply,1,10039
abominated,1,10040
tidiest,1,10041
bedwards,1,10042
tablecloth,1,10043
bump,1,10044
spraining,1,10045
eider,1,10046
yoking,1,10047
rickety,1,10048
whirlwinds,1,10049
knockings,1,10050
dismissed,1,10051
popped,1,10052
cherishing,1,10053
chuckled,1,10054
chuckle,1,10055
mightily,1,10056
bamboozingly,1,10057
overstocked,1,10058
toothpick,1,10059
rayther,1,10060
slanderin,1,10061
farrago,1,10062
sartain,1,10063
mt,1,10064
hecla,1,10065
persist,1,10066
mystifying,1,10067
unsay,1,10068
criminal,1,10069
purty,1,10070
sarmon,1,10071
rips,1,10072
tellin,1,10073
bought,1,10074
balmed,1,10075
curios,1,10076
sellin,1,10077
inions,1,10078
fooling,1,10079
idolators,1,10080
reg,1,10081
lar,1,10082
spliced,1,10083
johnny,1,10084
sprawling,1,10085
arter,1,10086
glim,1,10087
jiffy,1,10088
irresolute,1,10089
vum,1,10090
scrutiny,1,10091
porcupine,1,10092
moccasin,1,10093
ponchos,1,10094
parade,1,10095
rainy,1,10096
commended,1,10097
cobs,1,10098
footfall,1,10099
unlacing,1,10100
blackish,1,10101
plasters,1,10102
inkling,1,10103
crammed,1,10104
scalp,1,10105
mildewed,1,10106
parent,1,10107
nonplussed,1,10108
undressing,1,10109
checkered,1,10110
frogs,1,10111
quaked,1,10112
wrapall,1,10113
dreadnaught,1,10114
fumbled,1,10115
manikin,1,10116
tenpin,1,10117
andirons,1,10118
jambs,1,10119
bricks,1,10120
appropriate,1,10121
applying,1,10122
hastier,1,10123
withdrawals,1,10124
antics,1,10125
devotee,1,10126
extinguishing,1,10127
unceremoniously,1,10128
bagged,1,10129
sportsman,1,10130
woodcock,1,10131
uncomfortableness,1,10132
deliberating,1,10133
puffed,1,10134
sang,1,10135
stammering,1,10136
conjured,1,10137
responses,1,10138
debel,1,10139
flourishing,1,10140
flourishings,1,10141
peddlin,1,10142
sleepe,1,10143
grunted,1,10144
gettee,1,10145
motioning,1,10146
comely,1,10147
insured,1,10148
parti,1,10149
triangles,1,10150
interminable,1,10151
caper,1,10152
supperless,1,10153
hemisphere,1,10154
sigh,1,10155
ached,1,10156
coaches,1,10157
stockinged,1,10158
slippering,1,10159
misbehaviour,1,10160
unendurable,1,10161
stepmothers,1,10162
misfortunes,1,10163
steeped,1,10164
shudderingly,1,10165
confounding,1,10166
soberly,1,10167
recurred,1,10168
predicament,1,10169
unlock,1,10170
bridegroom,1,10171
clasp,1,10172
hugged,1,10173
rouse,1,10174
snore,1,10175
scratch,1,10176
expostulations,1,10177
unbecomingness,1,10178
matrimonial,1,10179
dawning,1,10180
overture,1,10181
innate,1,10182
compliment,1,10183
civility,1,10184
rudeness,1,10185
toilette,1,10186
dressing,1,10187
donning,1,10188
gaspings,1,10189
booting,1,10190
caterpillar,1,10191
outlandishness,1,10192
manners,1,10193
education,1,10194
undergraduate,1,10195
dreamt,1,10196
cowhide,1,10197
pinched,1,10198
curtains,1,10199
indecorous,1,10200
contented,1,10201
restricting,1,10202
donned,1,10203
lathering,1,10204
unsheathes,1,10205
whets,1,10206
rogers,1,10207
cutlery,1,10208
baton,1,10209
pleasantly,1,10210
bountifully,1,10211
laughable,1,10212
bosky,1,10213
unshorn,1,10214
gowns,1,10215
toasted,1,10216
lingers,1,10217
tarried,1,10218
barred,1,10219
park,1,10220
assurance,1,10221
polish,1,10222
occasioned,1,10223
embarrassed,1,10224
bashfulness,1,10225
duelled,1,10226
winking,1,10227
tastes,1,10228
sheepishly,1,10229
bashful,1,10230
icicle,1,10231
admirer,1,10232
cordially,1,10233
grappling,1,10234
genteelly,1,10235
eschewed,1,10236
undivided,1,10237
circulating,1,10238
nondescripts,1,10239
chestnut,1,10240
jostle,1,10241
regent,1,10242
lascars,1,10243
bombay,1,10244
apollo,1,10245
feegeeans,1,10246
tongatobooarrs,1,10247
erromanggoans,1,10248
pannangians,1,10249
brighggians,1,10250
weekly,1,10251
vermonters,1,10252
stalwart,1,10253
frames,1,10254
felled,1,10255
strutting,1,10256
wester,1,10257
bombazine,1,10258
cloak,1,10259
mow,1,10260
gloves,1,10261
joins,1,10262
outfit,1,10263
waistcoats,1,10264
tract,1,10265
dearest,1,10266
pave,1,10267
eggs,1,10268
patrician,1,10269
parks,1,10270
scraggy,1,10271
scoria,1,10272
herr,1,10273
dowers,1,10274
nieces,1,10275
reservoirs,1,10276
maples,1,10277
bountiful,1,10278
proffer,1,10279
passer,1,10280
cones,1,10281
blossoms,1,10282
superinduced,1,10283
carnation,1,10284
salem,1,10285
sweethearts,1,10286
puritanic,1,10287
quote,1,10288
talbot,1,10289
robert,1,10290
willis,1,10291
ellery,1,10292
walter,1,10293
canny,1,10294
seth,1,10295
gleig,1,10296
eliza,1,10297
glazed,1,10298
relatives,1,10299
unhealing,1,10300
sympathetically,1,10301
wounds,1,10302
bleed,1,10303
blanks,1,10304
bordered,1,10305
infidelities,1,10306
gnaw,1,10307
resurrections,1,10308
placelessly,1,10309
goodwin,1,10310
prefix,1,10311
entitle,1,10312
embarks,1,10313
forfeitures,1,10314
immortals,1,10315
unstirring,1,10316
paralysis,1,10317
comforted,1,10318
strive,1,10319
rumor,1,10320
tombs,1,10321
brevet,1,10322
speechlessly,1,10323
chaotic,1,10324
bundling,1,10325
hugely,1,10326
pelted,1,10327
regardful,1,10328
dedicated,1,10329
ministry,1,10330
merging,1,10331
flowering,1,10332
fissures,1,10333
developing,1,10334
peeping,1,10335
february,1,10336
engrafted,1,10337
clerical,1,10338
overshoes,1,10339
ornamental,1,10340
knobs,1,10341
reverential,1,10342
deposited,1,10343
enjoyed,1,10344
courting,1,10345
notoriety,1,10346
withdrawal,1,10347
worldly,1,10348
ties,1,10349
connexions,1,10350
stronghold,1,10351
ehrenbreitstein,1,10352
farings,1,10353
cenotaphs,1,10354
adorned,1,10355
beamed,1,10356
serenest,1,10357
brunt,1,10358
favourable,1,10359
unassuming,1,10360
tolling,1,10361
stanzas,1,10362
pealing,1,10363
exultation,1,10364
deepening,1,10365
complaints,1,10366
confine,1,10367
radiant,1,10368
verse,1,10369
sealine,1,10370
canticle,1,10371
boisterously,1,10372
floods,1,10373
kelpy,1,10374
weed,1,10375
heartedness,1,10376
amittai,1,10377
disobeying,1,10378
hardness,1,10379
flouts,1,10380
skulks,1,10381
easterly,1,10382
skulking,1,10383
prowling,1,10384
hastening,1,10385
policemen,1,10386
valise,1,10387
adieux,1,10388
goods,1,10389
tries,1,10390
joe,1,10391
bigamist,1,10392
adulterer,1,10393
sodom,1,10394
parricide,1,10395
advertised,1,10396
customs,1,10397
mangles,1,10398
rallies,1,10399
scrutinizing,1,10400
scent,1,10401
detects,1,10402
penniless,1,10403
passport,1,10404
pauper,1,10405
frontiers,1,10406
prepares,1,10407
charges,1,10408
paves,1,10409
molest,1,10410
counterfeit,1,10411
forger,1,10412
convicts,1,10413
heralding,1,10414
stifling,1,10415
oscillates,1,10416
heeling,1,10417
obliquity,1,10418
contradiction,1,10419
awry,1,10420
groans,1,10421
crookedness,1,10422
hies,1,10423
plungings,1,10424
giddy,1,10425
stupor,1,10426
staunch,1,10427
wrestlings,1,10428
uncheered,1,10429
careening,1,10430
smugglers,1,10431
contraband,1,10432
rebels,1,10433
boatswain,1,10434
lighten,1,10435
jars,1,10436
lethargy,1,10437
stumbling,1,10438
grasps,1,10439
panther,1,10440
gullies,1,10441
lots,1,10442
comest,1,10443
behavior,1,10444
unsolicited,1,10445
confession,1,10446
supplicating,1,10447
howls,1,10448
louder,1,10449
invokingly,1,10450
unreluctantly,1,10451
contenting,1,10452
clamorous,1,10453
pleasing,1,10454
eventual,1,10455
repent,1,10456
describing,1,10457
swarthy,1,10458
lull,1,10459
communing,1,10460
manliest,1,10461
sinner,1,10462
speaker,1,10463
unwelcome,1,10464
truths,1,10465
hostility,1,10466
mission,1,10467
gulfs,1,10468
slantings,1,10469
plummet,1,10470
engulphed,1,10471
breeching,1,10472
bruised,1,10473
murmuring,1,10474
falsehood,1,10475
slights,1,10476
courts,1,10477
enthusiasm,1,10478
support,1,10479
destroys,1,10480
senators,1,10481
acknowledges,1,10482
patriot,1,10483
striven,1,10484
lap,1,10485
regularity,1,10486
whistle,1,10487
fifties,1,10488
hideously,1,10489
uncouthness,1,10490
maim,1,10491
creditor,1,10492
busts,1,10493
graded,1,10494
promontories,1,10495
wooded,1,10496
cannibalistically,1,10497
whilst,1,10498
casement,1,10499
overawing,1,10500
simplicity,1,10501
socratic,1,10502
digester,1,10503
warmed,1,10504
glows,1,10505
hypocrisies,1,10506
repelled,1,10507
hospitalities,1,10508
whereat,1,10509
printing,1,10510
thawed,1,10511
unbiddenly,1,10512
clasped,1,10513
countryman,1,10514
remonstrate,1,10515
silenced,1,10516
deliberated,1,10517
comply,1,10518
prop,1,10519
salamed,1,10520
kissed,1,10521
consciences,1,10522
couples,1,10523
honeymoon,1,10524
nightgown,1,10525
napping,1,10526
affectionately,1,10527
confabulations,1,10528
nappishness,1,10529
wearisome,1,10530
kneepans,1,10531
chilly,1,10532
flatter,1,10533
chilled,1,10534
unmistakably,1,10535
discomforts,1,10536
spark,1,10537
concentrate,1,10538
essences,1,10539
clayey,1,10540
imposed,1,10541
coarse,1,10542
unilluminated,1,10543
revulsion,1,10544
comfortableness,1,10545
phraseology,1,10546
biographical,1,10547
hatched,1,10548
nibbling,1,10549
goats,1,10550
aunts,1,10551
vitiated,1,10552
mangrove,1,10553
climbed,1,10554
grappled,1,10555
hacked,1,10556
cutlass,1,10557
budged,1,10558
dauntlessness,1,10559
relented,1,10560
shipyards,1,10561
ignominy,1,10562
enlightening,1,10563
countrymen,1,10564
actuated,1,10565
practices,1,10566
heathens,1,10567
unfitted,1,10568
undefiled,1,10569
oats,1,10570
sceptre,1,10571
potluck,1,10572
usefulness,1,10573
barber,1,10574
companied,1,10575
embarking,1,10576
sack,1,10577
stared,1,10578
adjust,1,10579
troublesome,1,10580
reapers,1,10581
farmers,1,10582
preferred,1,10583
lashes,1,10584
ornament,1,10585
princess,1,10586
platters,1,10587
copying,1,10588
ducks,1,10589
giver,1,10590
consecrated,1,10591
consecrating,1,10592
beverage,1,10593
circulates,1,10594
precedence,1,10595
luggage,1,10596
acushnet,1,10597
forges,1,10598
melt,1,10599
betokening,1,10600
endlessness,1,10601
intolerableness,1,10602
waxed,1,10603
snortings,1,10604
turnpike,1,10605
magnanimity,1,10606
records,1,10607
ducked,1,10608
ropeyarn,1,10609
buckling,1,10610
jeering,1,10611
assembly,1,10612
companionable,1,10613
dignified,1,10614
whitewashed,1,10615
boobies,1,10616
saplings,1,10617
mimicking,1,10618
stalking,1,10619
bevy,1,10620
roughly,1,10621
ticking,1,10622
whipped,1,10623
lasso,1,10624
voted,1,10625
clove,1,10626
barnacle,1,10627
unconsciousness,1,10628
medal,1,10629
societies,1,10630
wipe,1,10631
occupies,1,10632
lighthouse,1,10633
hillock,1,10634
elbow,1,10635
blotting,1,10636
wights,1,10637
import,1,10638
thistles,1,10639
toadstools,1,10640
oasis,1,10641
quicksand,1,10642
laplander,1,10643
turtles,1,10644
extravaganzas,1,10645
traditional,1,10646
olden,1,10647
infant,1,10648
talons,1,10649
lament,1,10650
parents,1,10651
quohogs,1,10652
bolder,1,10653
waded,1,10654
nets,1,10655
mackerel,1,10656
circumnavigations,1,10657
himmalehan,1,10658
mastodon,1,10659
panics,1,10660
overrun,1,10661
alexanders,1,10662
parcelling,1,10663
overswarm,1,10664
banner,1,10665
terraqueous,1,10666
owns,1,10667
empires,1,10668
extension,1,10669
forts,1,10670
privateers,1,10671
highwaymen,1,10672
interrupt,1,10673
chamois,1,10674
earthsman,1,10675
furls,1,10676
walruses,1,10677
hotels,1,10678
asses,1,10679
sawed,1,10680
sensitive,1,10681
misgiving,1,10682
crick,1,10683
innkeeper,1,10684
tombstones,1,10685
freckled,1,10686
gown,1,10687
postponing,1,10688
cods,1,10689
politeness,1,10690
clammy,1,10691
reception,1,10692
pounded,1,10693
plentifully,1,10694
sharpened,1,10695
surpassingly,1,10696
despatched,1,10697
savoury,1,10698
stultifying,1,10699
fishiest,1,10700
codfish,1,10701
brindled,1,10702
cow,1,10703
shod,1,10704
nt,1,10705
ge,1,10706
ile,1,10707
sich,1,10708
weepons,1,10709
plans,1,10710
consulting,1,10711
everyway,1,10712
enjoined,1,10713
purposed,1,10714
befriending,1,10715
forecast,1,10716
relied,1,10717
sagacity,1,10718
remonstrances,1,10719
acquiesce,1,10720
vigor,1,10721
trifling,1,10722
bedroom,1,10723
liturgies,1,10724
xxxix,1,10725
inquiries,1,10726
learnt,1,10727
celebrated,1,10728
medes,1,10729
pryed,1,10730
hopped,1,10731
luggers,1,10732
galliots,1,10733
spines,1,10734
canterbury,1,10735
becket,1,10736
mateship,1,10737
grotesqueness,1,10738
quaintness,1,10739
unmatched,1,10740
thorkill,1,10741
hake,1,10742
pendants,1,10743
tricking,1,10744
unpanelled,1,10745
scorning,1,10746
turnstile,1,10747
sported,1,10748
conical,1,10749
laced,1,10750
sloped,1,10751
pottowottamie,1,10752
sachem,1,10753
insider,1,10754
tenement,1,10755
elderly,1,10756
sailings,1,10757
pursed,1,10758
effectual,1,10759
talkest,1,10760
rob,1,10761
protested,1,10762
innuendoes,1,10763
quakerish,1,10764
aliens,1,10765
monstrousest,1,10766
chipped,1,10767
aggravate,1,10768
positively,1,10769
unlimited,1,10770
monotonous,1,10771
willingness,1,10772
mayest,1,10773
annuitants,1,10774
fatherless,1,10775
chancery,1,10776
approved,1,10777
heterogeneous,1,10778
sanguinary,1,10779
scripture,1,10780
imbibing,1,10781
idiom,1,10782
unoutgrown,1,10783
constellations,1,10784
untraditionally,1,10785
independently,1,10786
voluntary,1,10787
confiding,1,10788
accidental,1,10789
advantages,1,10790
pageant,1,10791
detract,1,10792
dramatically,1,10793
overruling,1,10794
tragically,1,10795
disease,1,10796
results,1,10797
phase,1,10798
educated,1,10799
quakerism,1,10800
immutableness,1,10801
consistency,1,10802
refusing,1,10803
scruples,1,10804
invaders,1,10805
illimitably,1,10806
invaded,1,10807
bloodshed,1,10808
bodied,1,10809
dividends,1,10810
drabbest,1,10811
bellied,1,10812
dedicating,1,10813
incorrigible,1,10814
categut,1,10815
unmitigated,1,10816
indolence,1,10817
habituated,1,10818
noticing,1,10819
irreverence,1,10820
inquiringly,1,10821
spelling,1,10822
audible,1,10823
blusterer,1,10824
ink,1,10825
proportioned,1,10826
stiver,1,10827
accumulate,1,10828
crony,1,10829
stingy,1,10830
deceive,1,10831
teenth,1,10832
farthing,1,10833
swindle,1,10834
owest,1,10835
lug,1,10836
canting,1,10837
thundered,1,10838
outburst,1,10839
responsible,1,10840
questionably,1,10841
vanish,1,10842
whistled,1,10843
whaled,1,10844
isn,1,10845
lt,1,10846
forewarned,1,10847
colleges,1,10848
surest,1,10849
prophetic,1,10850
humanities,1,10851
thoughtfulness,1,10852
vagueness,1,10853
painfulness,1,10854
disincline,1,10855
imperfectly,1,10856
disturb,1,10857
undervalue,1,10858
ants,1,10859
toad,1,10860
footmanism,1,10861
torso,1,10862
deceased,1,10863
possessions,1,10864
rented,1,10865
vastly,1,10866
arguing,1,10867
presbyterians,1,10868
rituals,1,10869
apoplectic,1,10870
resisted,1,10871
nate,1,10872
betty,1,10873
snarles,1,10874
suicides,1,10875
merciful,1,10876
locksmith,1,10877
unwithdrawn,1,10878
vowing,1,10879
knob,1,10880
slamming,1,10881
squatting,1,10882
hain,1,10883
sittin,1,10884
unnaturally,1,10885
creed,1,10886
punctual,1,10887
puddingers,1,10888
termination,1,10889
senseless,1,10890
starve,1,10891
bedside,1,10892
squatted,1,10893
torment,1,10894
labored,1,10895
lents,1,10896
ham,1,10897
squattings,1,10898
opposed,1,10899
hygiene,1,10900
deplorably,1,10901
caves,1,10902
starved,1,10903
religionists,1,10904
hereafters,1,10905
digressively,1,10906
undigested,1,10907
dumpling,1,10908
perpetuated,1,10909
dyspepsias,1,10910
inferences,1,10911
barbecue,1,10912
trenchers,1,10913
pilau,1,10914
breadfruit,1,10915
parsley,1,10916
turkeys,1,10917
couch,1,10918
condescending,1,10919
compassion,1,10920
prodigiously,1,10921
halibut,1,10922
gruff,1,10923
communion,1,10924
bandana,1,10925
philistine,1,10926
sternly,1,10927
hittite,1,10928
crotchets,1,10929
reckoned,1,10930
spos,1,10931
dad,1,10932
hedgehog,1,10933
ceremonies,1,10934
x,1,10935
tracts,1,10936
clingest,1,10937
beseech,1,10938
belial,1,10939
bondsman,1,10940
spurn,1,10941
heterogeneously,1,10942
scriptural,1,10943
phrases,1,10944
spoiling,1,10945
voyagers,1,10946
swaine,1,10947
shrinked,1,10948
sheered,1,10949
prate,1,10950
beliest,1,10951
sailmakers,1,10952
patch,1,10953
forefinger,1,10954
shabbily,1,10955
pox,1,10956
shoving,1,10957
wagon,1,10958
deficiencies,1,10959
derisive,1,10960
skrimmage,1,10961
hows,1,10962
damaged,1,10963
arranged,1,10964
bamboozle,1,10965
commenting,1,10966
bugbear,1,10967
wonderments,1,10968
prediction,1,10969
shadowy,1,10970
retraced,1,10971
purchasing,1,10972
resolving,1,10973
equipped,1,10974
shovels,1,10975
crackers,1,10976
grocers,1,10977
costermongers,1,10978
bakers,1,10979
bankers,1,10980
impossibility,1,10981
everythings,1,10982
storage,1,10983
kindhearted,1,10984
pickles,1,10985
flannel,1,10986
consolation,1,10987
committed,1,10988
insinuating,1,10989
lookee,1,10990
wonderingly,1,10991
detained,1,10992
impudence,1,10993
lumbered,1,10994
tattered,1,10995
dubiously,1,10996
optically,1,10997
jocularly,1,10998
grinding,1,10999
settees,1,11000
chiefs,1,11001
fattening,1,11002
ottomans,1,11003
piers,1,11004
excursion,1,11005
convertible,1,11006
desiring,1,11007
settee,1,11008
brained,1,11009
muffledness,1,11010
smokers,1,11011
enshrined,1,11012
dismissal,1,11013
thoughtful,1,11014
bachelors,1,11015
marquee,1,11016
licensed,1,11017
fee,1,11018
piloted,1,11019
booble,1,11020
alley,1,11021
songs,1,11022
watts,1,11023
ripped,1,11024
comforting,1,11025
horrified,1,11026
lank,1,11027
rang,1,11028
jews,1,11029
jordan,1,11030
fruition,1,11031
wetter,1,11032
untrodden,1,11033
unwilted,1,11034
midsummer,1,11035
unpleasing,1,11036
capes,1,11037
brimful,1,11038
bounded,1,11039
heroically,1,11040
twinkling,1,11041
incoherently,1,11042
needlessly,1,11043
cent,1,11044
miss,1,11045
gifts,1,11046
fornication,1,11047
palavering,1,11048
newlanded,1,11049
wonderfullest,1,11050
unmentionable,1,11051
epitaphs,1,11052
stoneless,1,11053
fared,1,11054
hearthstone,1,11055
blankets,1,11056
mortalities,1,11057
forlornly,1,11058
independence,1,11059
conspire,1,11060
ingloriously,1,11061
apotheosis,1,11062
unpoetical,1,11063
disreputable,1,11064
convince,1,11065
merits,1,11066
emulation,1,11067
append,1,11068
initials,1,11069
w,1,11070
eminently,1,11071
presuming,1,11072
honouring,1,11073
amounts,1,11074
butchering,1,11075
bloodiest,1,11076
uncleanliness,1,11077
initiated,1,11078
cleanliest,1,11079
comparable,1,11080
plaudits,1,11081
soldier,1,11082
interlinked,1,11083
scouts,1,11084
shrines,1,11085
witt,1,11086
xvi,1,11087
dunkirk,1,11088
invite,1,11089
britain,1,11090
bounties,1,11091
outnumber,1,11092
banded,1,11093
yearly,1,11094
importing,1,11095
puissant,1,11096
cosmopolite,1,11097
potentially,1,11098
begotten,1,11099
sequential,1,11100
issues,1,11101
offspring,1,11102
womb,1,11103
catalogue,1,11104
ferreting,1,11105
peacefully,1,11106
salutes,1,11107
interpreted,1,11108
exploring,1,11109
expeditions,1,11110
krusensterns,1,11111
succourless,1,11112
handedness,1,11113
sharked,1,11114
battled,1,11115
dedicates,1,11116
intercourse,1,11117
provinces,1,11118
eventuated,1,11119
liberation,1,11120
establishment,1,11121
dutchman,1,11122
pestiferously,1,11123
colony,1,11124
australian,1,11125
settlement,1,11126
luckily,1,11127
polynesia,1,11128
missionaries,1,11129
destinations,1,11130
aesthetically,1,11131
unhorse,1,11132
norwegian,1,11133
eulogy,1,11134
grandmother,1,11135
franklin,1,11136
morrel,1,11137
folger,1,11138
settlers,1,11139
ancestress,1,11140
folgers,1,11141
statutory,1,11142
triumphs,1,11143
cymballed,1,11144
cite,1,11145
attest,1,11146
repute,1,11147
creditors,1,11148
mss,1,11149
prospectively,1,11150
postscript,1,11151
behalf,1,11152
embattling,1,11153
suppress,1,11154
eloquently,1,11155
blameworthy,1,11156
seasoning,1,11157
saltcellar,1,11158
oiled,1,11159
salad,1,11160
machinery,1,11161
meanly,1,11162
contemptibly,1,11163
anoints,1,11164
palpably,1,11165
mature,1,11166
medicinally,1,11167
quoggy,1,11168
totality,1,11169
coronations,1,11170
macassar,1,11171
unpolluted,1,11172
oils,1,11173
loyal,1,11174
britons,1,11175
superfluousness,1,11176
thinness,1,11177
anxieties,1,11178
blight,1,11179
condensation,1,11180
revivified,1,11181
chronometer,1,11182
warranted,1,11183
confronted,1,11184
pantomime,1,11185
sobriety,1,11186
overbalance,1,11187
endued,1,11188
loneliness,1,11189
organizations,1,11190
presentiments,1,11191
ruggedness,1,11192
arises,1,11193
crusader,1,11194
organized,1,11195
remembrances,1,11196
latently,1,11197
suitable,1,11198
conflict,1,11199
irrational,1,11200
menace,1,11201
abasement,1,11202
sorrowful,1,11203
valour,1,11204
knaves,1,11205
ignominious,1,11206
manliness,1,11207
undraped,1,11208
ruined,1,11209
stifle,1,11210
upbraidings,1,11211
robed,1,11212
wields,1,11213
radiates,1,11214
omnipresence,1,11215
graces,1,11216
mournful,1,11217
ethereal,1,11218
critics,1,11219
convict,1,11220
bunyan,1,11221
clothe,1,11222
doubly,1,11223
paupered,1,11224
cervantes,1,11225
andrew,1,11226
jackson,1,11227
pebbles,1,11228
hurl,1,11229
marchings,1,11230
cullest,1,11231
selectest,1,11232
champions,1,11233
kingly,1,11234
journeyman,1,11235
joiner,1,11236
humored,1,11237
handedly,1,11238
rigadig,1,11239
tunes,1,11240
trudging,1,11241
pedlars,1,11242
packs,1,11243
bunk,1,11244
terribly,1,11245
infected,1,11246
exhaling,1,11247
camphorated,1,11248
disinfecting,1,11249
tisbury,1,11250
affronted,1,11251
circumvention,1,11252
concussions,1,11253
prescription,1,11254
trio,1,11255
lancers,1,11256
flingers,1,11257
conjunctures,1,11258
subsists,1,11259
intimacy,1,11260
friendliness,1,11261
unmixed,1,11262
westerly,1,11263
remnant,1,11264
largeness,1,11265
proclaimed,1,11266
inheritor,1,11267
woodland,1,11268
puritans,1,11269
voluntarily,1,11270
giraffe,1,11271
pomp,1,11272
truce,1,11273
chess,1,11274
residue,1,11275
engineering,1,11276
construction,1,11277
railroads,1,11278
liberally,1,11279
generously,1,11280
peasants,1,11281
acknowledging,1,11282
isolato,1,11283
federated,1,11284
anacharsis,1,11285
clootz,1,11286
deputation,1,11287
grievances,1,11288
prelusive,1,11289
vicariously,1,11290
disquietude,1,11291
perturbation,1,11292
incoherences,1,11293
uninvitedly,1,11294
poorly,1,11295
whimsicalities,1,11296
warrantry,1,11297
motley,1,11298
uniqueness,1,11299
abandonedly,1,11300
allay,1,11301
cheerfulness,1,11302
presentment,1,11303
southward,1,11304
merciless,1,11305
mornings,1,11306
rapidity,1,11307
shivers,1,11308
outran,1,11309
illness,1,11310
overrunningly,1,11311
cellini,1,11312
lividly,1,11313
tearingly,1,11314
greenly,1,11315
consent,1,11316
fray,1,11317
elemental,1,11318
inferentially,1,11319
negatived,1,11320
insinuated,1,11321
credulities,1,11322
contradicted,1,11323
powerfully,1,11324
steadied,1,11325
infinity,1,11326
firmest,1,11327
unsurrenderable,1,11328
wilfulness,1,11329
dedication,1,11330
crucifixion,1,11331
recluse,1,11332
bleakness,1,11333
preparatives,1,11334
needing,1,11335
supervision,1,11336
warbling,1,11337
persuasiveness,1,11338
barest,1,11339
ruggedest,1,11340
sprouts,1,11341
visitants,1,11342
respond,1,11343
allurings,1,11344
girlish,1,11345
blossom,1,11346
flowered,1,11347
perpetually,1,11348
warmly,1,11349
perfumed,1,11350
sherbet,1,11351
flaked,1,11352
starred,1,11353
conquering,1,11354
earls,1,11355
seducing,1,11356
witcheries,1,11357
lend,1,11358
spells,1,11359
potencies,1,11360
twilights,1,11361
texture,1,11362
greybeards,1,11363
oftenest,1,11364
berths,1,11365
cloaked,1,11366
sentinelled,1,11367
habitually,1,11368
gripping,1,11369
banister,1,11370
abstained,1,11371
patrolling,1,11372
reverberating,1,11373
crunching,1,11374
regardings,1,11375
unassured,1,11376
deprecating,1,11377
muffling,1,11378
indistinctly,1,11379
hesitatingly,1,11380
nightly,1,11381
kennel,1,11382
unforseen,1,11383
excitedly,1,11384
temptation,1,11385
anyway,1,11386
coverlid,1,11387
tic,1,11388
dolly,1,11389
appointments,1,11390
snooze,1,11391
eleventh,1,11392
commandment,1,11393
twelfth,1,11394
blazes,1,11395
jackasses,1,11396
afoul,1,11397
plaguey,1,11398
norse,1,11399
thrones,1,11400
fabricated,1,11401
tradition,1,11402
tripod,1,11403
symbolized,1,11404
khan,1,11405
soothes,1,11406
pleasuring,1,11407
whiffs,1,11408
sereneness,1,11409
lurchingly,1,11410
mab,1,11411
stubbing,1,11412
confoundedly,1,11413
cudgelling,1,11414
whaleboning,1,11415
farmer,1,11416
whittled,1,11417
badger,1,11418
slews,1,11419
phiz,1,11420
humpback,1,11421
seaweed,1,11422
marlinspikes,1,11423
hag,1,11424
complain,1,11425
slapped,1,11426
garter,1,11427
snored,1,11428
mum,1,11429
harbourless,1,11430
appreciative,1,11431
systematized,1,11432
genera,1,11433
constituents,1,11434
essayed,1,11435
groups,1,11436
unfitness,1,11437
incomplete,1,11438
torture,1,11439
aldrovandi,1,11440
gesner,1,11441
rondeletius,1,11442
willoughby,1,11443
artedi,1,11444
brisson,1,11445
marten,1,11446
bonneterre,1,11447
olmstead,1,11448
generalizing,1,11449
usurper,1,11450
claims,1,11451
monarch,1,11452
proclamation,1,11453
charing,1,11454
deposed,1,11455
reigneth,1,11456
literature,1,11457
faulty,1,11458
systematization,1,11459
builder,1,11460
sorter,1,11461
pelvis,1,11462
essay,1,11463
tauntings,1,11464
libraries,1,11465
unsettled,1,11466
vestibule,1,11467
alewives,1,11468
edict,1,11469
bilocular,1,11470
eyelids,1,11471
penem,1,11472
intrantem,1,11473
feminam,1,11474
mammis,1,11475
lactantem,1,11476
lege,1,11477
naturae,1,11478
jure,1,11479
meritoque,1,11480
submitted,1,11481
simeon,1,11482
messmates,1,11483
insufficient,1,11484
waiving,1,11485
fundamental,1,11486
conspicuously,1,11487
label,1,11488
amphibious,1,11489
assumes,1,11490
exclude,1,11491
identified,1,11492
authoritatively,1,11493
divisions,1,11494
lamatins,1,11495
dugongs,1,11496
passports,1,11497
subdivisible,1,11498
type,1,11499
trumpa,1,11500
pottsfich,1,11501
macrocephalus,1,11502
philologically,1,11503
expresses,1,11504
ointment,1,11505
medicament,1,11506
druggists,1,11507
rhubarb,1,11508
enhance,1,11509
scarcity,1,11510
titles,1,11511
obscurity,1,11512
baptised,1,11513
baliene,1,11514
ordinaire,1,11515
growlands,1,11516
walfish,1,11517
swedes,1,11518
radical,1,11519
subdivisions,1,11520
inconclusive,1,11521
differences,1,11522
repellingly,1,11523
elucidating,1,11524
tracks,1,11525
attains,1,11526
intertwisting,1,11527
distinguishing,1,11528
derives,1,11529
hinder,1,11530
spherical,1,11531
gnomon,1,11532
wavy,1,11533
graved,1,11534
ahaz,1,11535
hater,1,11536
haters,1,11537
shy,1,11538
unexpectedly,1,11539
nosed,1,11540
bunched,1,11541
jawed,1,11542
rostrated,1,11543
connection,1,11544
nomenclature,1,11545
facilitating,1,11546
obviously,1,11547
methodization,1,11548
classify,1,11549
systematizer,1,11550
enumerated,1,11551
bibliographical,1,11552
tartarian,1,11553
divings,1,11554
octavoes,1,11555
middling,1,11556
numbered,1,11557
bookbinder,1,11558
dimensioned,1,11559
sonorous,1,11560
denizen,1,11561
classed,1,11562
premonitory,1,11563
inexpressive,1,11564
suggest,1,11565
mephistophelean,1,11566
dorsal,1,11567
profitably,1,11568
employment,1,11569
frugal,1,11570
housekeepers,1,11571
lengthened,1,11572
depressed,1,11573
piercer,1,11574
folder,1,11575
pamphlets,1,11576
horned,1,11577
unicornism,1,11578
cloistered,1,11579
antidote,1,11580
distilled,1,11581
volatile,1,11582
salts,1,11583
frobisher,1,11584
bess,1,11585
gallantly,1,11586
greenwich,1,11587
irish,1,11588
avers,1,11589
earl,1,11590
leicester,1,11591
leopard,1,11592
circumpolar,1,11593
professed,1,11594
feegee,1,11595
worried,1,11596
indistinctness,1,11597
killers,1,11598
bonapartes,1,11599
thrashing,1,11600
hugeness,1,11601
bestowal,1,11602
breezy,1,11603
watchmakers,1,11604
hones,1,11605
provoke,1,11606
rotund,1,11607
spoils,1,11608
boundary,1,11609
streaks,1,11610
felonious,1,11611
rabble,1,11612
enumerate,1,11613
appellations,1,11614
investigators,1,11615
scragg,1,11616
coppered,1,11617
quog,1,11618
lists,1,11619
uncouth,1,11620
suspecting,1,11621
leviathanism,1,11622
signifying,1,11623
perfected,1,11624
cetological,1,11625
unfinished,1,11626
uncompleted,1,11627
completing,1,11628
cutter,1,11629
equivalent,1,11630
navigation,1,11631
concerns,1,11632
corrupted,1,11633
specksioneer,1,11634
subalterns,1,11635
demands,1,11636
community,1,11637
prevailing,1,11638
intrepidity,1,11639
rigorous,1,11640
discipline,1,11641
mesopotamian,1,11642
parading,1,11643
surpassed,1,11644
extorting,1,11645
shabbiest,1,11646
shallowest,1,11647
assumption,1,11648
exacted,1,11649
implicit,1,11650
terrorem,1,11651
unobservant,1,11652
legitimately,1,11653
subserve,1,11654
unmanifested,1,11655
dictatorship,1,11656
aid,1,11657
entrenchments,1,11658
hustings,1,11659
imbecility,1,11660
nicholas,1,11661
geographical,1,11662
encircles,1,11663
plebeian,1,11664
crouch,1,11665
centralization,1,11666
dramatist,1,11667
depict,1,11668
shagginess,1,11669
episode,1,11670
majestical,1,11671
featured,1,11672
unbodied,1,11673
loaf,1,11674
announces,1,11675
medallion,1,11676
inattention,1,11677
menial,1,11678
unexhilarated,1,11679
rouses,1,11680
pleasantness,1,11681
lounges,1,11682
predecessors,1,11683
restraint,1,11684
tipping,1,11685
winks,1,11686
hornpipe,1,11687
sleight,1,11688
mizentop,1,11689
reversing,1,11690
abjectus,1,11691
artificialness,1,11692
provocation,1,11693
inoffensive,1,11694
deprecatory,1,11695
babylon,1,11696
haughtily,1,11697
courteously,1,11698
presides,1,11699
unchallenged,1,11700
transcends,1,11701
witchery,1,11702
czarship,1,11703
withstanding,1,11704
superadd,1,11705
warlike,1,11706
deferential,1,11707
waited,1,11708
arrogance,1,11709
profaned,1,11710
topic,1,11711
slice,1,11712
noiselessly,1,11713
circumspection,1,11714
frankfort,1,11715
dines,1,11716
electors,1,11717
youngest,1,11718
saline,1,11719
drumsticks,1,11720
larceny,1,11721
clotting,1,11722
marketless,1,11723
butterless,1,11724
hunger,1,11725
fruits,1,11726
dumfoundered,1,11727
residuary,1,11728
legatees,1,11729
servants,1,11730
constraint,1,11731
domineerings,1,11732
skip,1,11733
ungentlemanly,1,11734
trencher,1,11735
scalping,1,11736
baker,1,11737
visitations,1,11738
clutches,1,11739
carlines,1,11740
framework,1,11741
abstemious,1,11742
witted,1,11743
whetstones,1,11744
indiscretions,1,11745
fares,1,11746
waiter,1,11747
napkin,1,11748
mongering,1,11749
moorish,1,11750
scimetars,1,11751
scabbards,1,11752
sedentary,1,11753
mealtimes,1,11754
residing,1,11755
grisly,1,11756
logan,1,11757
caved,1,11758
skysail,1,11759
capturing,1,11760
progenitors,1,11761
archaeologists,1,11762
astronomical,1,11763
stair,1,11764
edifices,1,11765
upliftings,1,11766
astronomers,1,11767
stylites,1,11768
dauntless,1,11769
stander,1,11770
fogs,1,11771
discovering,1,11772
vendome,1,11773
philippe,1,11774
blanc,1,11775
baltimore,1,11776
pillars,1,11777
trafalgar,1,11778
counsels,1,11779
descry,1,11780
accountable,1,11781
cleats,1,11782
upstairs,1,11783
relieving,1,11784
stilts,1,11785
colossus,1,11786
rhodes,1,11787
ruffled,1,11788
languor,1,11789
uneventfulness,1,11790
gazettes,1,11791
extras,1,11792
delude,1,11793
excitements,1,11794
afflictions,1,11795
immutable,1,11796
whalesmen,1,11797
devote,1,11798
inhabitiveness,1,11799
localness,1,11800
pertains,1,11801
isolate,1,11802
beginner,1,11803
tabernacle,1,11804
encasing,1,11805
enviable,1,11806
nests,1,11807
protected,1,11808
charmingly,1,11809
inventor,1,11810
patentee,1,11811
inventors,1,11812
patentees,1,11813
denominate,1,11814
apparatus,1,11815
screen,1,11816
ascend,1,11817
umbrellas,1,11818
popping,1,11819
vagrant,1,11820
unicorns,1,11821
infesting,1,11822
enlarges,1,11823
experiments,1,11824
counteracting,1,11825
attraction,1,11826
ascribable,1,11827
discreet,1,11828
deviations,1,11829
azimuth,1,11830
approximate,1,11831
meditations,1,11832
ignore,1,11833
comforter,1,11834
mittened,1,11835
housed,1,11836
greenlandmen,1,11837
disadvantage,1,11838
lounge,1,11839
movingly,1,11840
admonish,1,11841
enlisting,1,11842
meditativeness,1,11843
phaedon,1,11844
platonist,1,11845
monitions,1,11846
unneeded,1,11847
asylum,1,11848
disgusted,1,11849
carking,1,11850
childe,1,11851
harold,1,11852
ejaculates,1,11853
upbraiding,1,11854
platonists,1,11855
nerve,1,11856
opera,1,11857
lulled,1,11858
opium,1,11859
listlessness,1,11860
ebbs,1,11861
crammer,1,11862
descartian,1,11863
vortices,1,11864
fairest,1,11865
throttled,1,11866
pantheists,1,11867
stride,1,11868
unsleeping,1,11869
chick,1,11870
bigotry,1,11871
halt,1,11872
unapprehensive,1,11873
standpoint,1,11874
approval,1,11875
animation,1,11876
magnetically,1,11877
approving,1,11878
marvelling,1,11879
purposeless,1,11880
inarticulate,1,11881
punctured,1,11882
topmaul,1,11883
bushy,1,11884
disjointedly,1,11885
twiske,1,11886
tee,1,11887
twisk,1,11888
uncorking,1,11889
shearing,1,11890
razeed,1,11891
pegging,1,11892
imprecations,1,11893
norway,1,11894
requirest,1,11895
measurer,1,11896
accountants,1,11897
computed,1,11898
guineas,1,11899
smites,1,11900
blindest,1,11901
blasphemous,1,11902
pasteboard,1,11903
masks,1,11904
tasks,1,11905
sinewing,1,11906
wreak,1,11907
jealousy,1,11908
creations,1,11909
confines,1,11910
glarings,1,11911
doltish,1,11912
reddenest,1,11913
palest,1,11914
unsays,1,11915
incense,1,11916
leopards,1,11917
unrecking,1,11918
unworshipping,1,11919
snorts,1,11920
tost,1,11921
constrainings,1,11922
acquiescence,1,11923
invocation,1,11924
presaging,1,11925
vibrations,1,11926
stubbornness,1,11927
admonitions,1,11928
verifications,1,11929
constrain,1,11930
searchingly,1,11931
snare,1,11932
flagon,1,11933
excellently,1,11934
spiralizes,1,11935
drained,1,11936
gulped,1,11937
braves,1,11938
mustered,1,11939
pennies,1,11940
vitus,1,11941
imp,1,11942
ague,1,11943
shocked,1,11944
quailed,1,11945
electric,1,11946
appoint,1,11947
cupbearers,1,11948
kinsmen,1,11949
noblemen,1,11950
tiara,1,11951
ewer,1,11952
cardinals,1,11953
commend,1,11954
chalices,1,11955
indissoluble,1,11956
ratifying,1,11957
deathful,1,11958
whaleboat,1,11959
quaffed,1,11960
paled,1,11961
paler,1,11962
envious,1,11963
whelm,1,11964
blush,1,11965
plumbs,1,11966
wearies,1,11967
gem,1,11968
wearer,1,11969
flashings,1,11970
confounds,1,11971
galls,1,11972
spurred,1,11973
perception,1,11974
subtly,1,11975
malignantly,1,11976
cogged,1,11977
dismembered,1,11978
dismember,1,11979
dismemberer,1,11980
fulfiller,1,11981
pugilists,1,11982
burkes,1,11983
bendigoes,1,11984
bullies,1,11985
pommel,1,11986
bags,1,11987
rails,1,11988
grooved,1,11989
rifled,1,11990
obstacle,1,11991
matched,1,11992
overmanned,1,11993
drilled,1,11994
nill,1,11995
democrat,1,11996
rebelling,1,11997
shrivel,1,11998
controlling,1,11999
whelped,1,12000
demigorgon,1,12001
sternward,1,12002
thrills,1,12003
revellers,1,12004
futures,1,12005
solus,1,12006
unfailing,1,12007
twigged,1,12008
prophesied,1,12009
horribles,1,12010
pennant,1,12011
beaker,1,12012
foresail,1,12013
discovers,1,12014
tonic,1,12015
viewing,1,12016
harpooner,1,12017
blackling,1,12018
snoozing,1,12019
deadening,1,12020
filliping,1,12021
lasses,1,12022
gallop,1,12023
shuffle,1,12024
springy,1,12025
sulkies,1,12026
bang,1,12027
stig,1,12028
quig,1,12029
rattle,1,12030
hoop,1,12031
jibs,1,12032
christ,1,12033
skulled,1,12034
ballroom,1,12035
darkens,1,12036
lascar,1,12037
douse,1,12038
ganges,1,12039
showest,1,12040
seeva,1,12041
tassels,1,12042
chassee,1,12043
arboring,1,12044
interlacings,1,12045
swayings,1,12046
coyings,1,12047
satiety,1,12048
nudging,1,12049
tahitan,1,12050
veiled,1,12051
wilted,1,12052
pirohitee,1,12053
crags,1,12054
reefing,1,12055
crackest,1,12056
holdest,1,12057
fort,1,12058
cattegat,1,12059
waterspout,1,12060
cove,1,12061
hardest,1,12062
birthmark,1,12063
bully,1,12064
touchy,1,12065
offence,1,12066
mannikin,1,12067
brawlers,1,12068
belfast,1,12069
arrah,1,12070
abel,1,12071
crish,1,12072
blang,1,12073
cursing,1,12074
jimmini,1,12075
jingle,1,12076
sympathetical,1,12077
quenchless,1,12078
feud,1,12079
greedy,1,12080
disorderly,1,12081
adventurously,1,12082
irregularity,1,12083
obstructed,1,12084
individualizing,1,12085
unfair,1,12086
calamities,1,12087
amputations,1,12088
repulses,1,12089
accumulating,1,12090
exaggerate,1,12091
horrify,1,12092
fungi,1,12093
firma,1,12094
wonderfulness,1,12095
circulate,1,12096
unexempt,1,12097
appallingly,1,12098
chiseled,1,12099
transit,1,12100
outblown,1,12101
morbid,1,12102
foetal,1,12103
unborrowed,1,12104
inexperience,1,12105
incompetency,1,12106
hostilely,1,12107
primitively,1,12108
childish,1,12109
eminent,1,12110
tremendousness,1,12111
tested,1,12112
olassen,1,12113
incredibly,1,12114
affirms,1,12115
amend,1,12116
reports,1,12117
terribleness,1,12118
overawed,1,12119
warfare,1,12120
protesting,1,12121
consulted,1,12122
originated,1,12123
transports,1,12124
authoritative,1,12125
strello,1,12126
portugal,1,12127
arethusa,1,12128
syracuse,1,12129
underground,1,12130
narrations,1,12131
realities,1,12132
familiarity,1,12133
ubiquity,1,12134
unensanguined,1,12135
unsullied,1,12136
incontestable,1,12137
prominent,1,12138
limitless,1,12139
uncharted,1,12140
marbled,1,12141
gleamings,1,12142
unexampled,1,12143
fatalities,1,12144
dismembering,1,12145
inflamed,1,12146
smiled,1,12147
arkansas,1,12148
duellist,1,12149
hired,1,12150
malay,1,12151
identify,1,12152
woes,1,12153
exasperations,1,12154
intangible,1,12155
ophites,1,12156
reverenced,1,12157
transferring,1,12158
pitted,1,12159
mutilated,1,12160
maddens,1,12161
demonisms,1,12162
assailable,1,12163
dismemberment,1,12164
corporal,1,12165
animosity,1,12166
laceration,1,12167
collision,1,12168
gashed,1,12169
interfusing,1,12170
lunatic,1,12171
unlimbed,1,12172
rockings,1,12173
thanked,1,12174
raved,1,12175
feline,1,12176
transfigured,1,12177
subtler,1,12178
deepeningly,1,12179
northman,1,12180
trope,1,12181
stormed,1,12182
concentred,1,12183
unhinted,1,12184
popularize,1,12185
spiked,1,12186
hotel,1,12187
cluny,1,12188
thermes,1,12189
throned,1,12190
torsoes,1,12191
mock,1,12192
caryatid,1,12193
upholding,1,12194
entablatures,1,12195
royalties,1,12196
dissemble,1,12197
perceptibility,1,12198
overtaken,1,12199
moodiness,1,12200
unlikely,1,12201
fitness,1,12202
infixed,1,12203
unrelenting,1,12204
incurable,1,12205
brutes,1,12206
incapacitated,1,12207
underlings,1,12208
keyed,1,12209
engrossing,1,12210
fiendish,1,12211
profitable,1,12212
mint,1,12213
immitigable,1,12214
mongrel,1,12215
morally,1,12216
enfeebled,1,12217
incompetence,1,12218
unaided,1,12219
mindedness,1,12220
invunerable,1,12221
mediocrity,1,12222
officered,1,12223
aboundingly,1,12224
ire,1,12225
understandings,1,12226
miner,1,12227
unsaid,1,12228
awaken,1,12229
overpowered,1,12230
refiningly,1,12231
imparting,1,12232
japonicas,1,12233
pearls,1,12234
preeminence,1,12235
pegu,1,12236
magniloquent,1,12237
ascriptions,1,12238
unfurling,1,12239
hanoverian,1,12240
austrian,1,12241
caesarian,1,12242
heir,1,12243
overlording,1,12244
eminence,1,12245
symbolizings,1,12246
brides,1,12247
benignity,1,12248
wampum,1,12249
typifies,1,12250
ermine,1,12251
steeds,1,12252
spotlessness,1,12253
midwinter,1,12254
festival,1,12255
envoy,1,12256
alb,1,12257
tunic,1,12258
pomps,1,12259
celebration,1,12260
elders,1,12261
sitteth,1,12262
divorced,1,12263
flaky,1,12264
transcendent,1,12265
abhorrent,1,12266
loathsome,1,12267
gloating,1,12268
fanged,1,12269
heraldic,1,12270
analysed,1,12271
irresponsible,1,12272
ferociousness,1,12273
tallies,1,12274
vividly,1,12275
eternam,1,12276
denominating,1,12277
deadliness,1,12278
requin,1,12279
imaginations,1,12280
unflattering,1,12281
laureate,1,12282
overclouded,1,12283
feathery,1,12284
unspotted,1,12285
throbbings,1,12286
methought,1,12287
warping,1,12288
burnish,1,12289
solecism,1,12290
albatrosses,1,12291
postman,1,12292
lettered,1,12293
adoring,1,12294
cherubim,1,12295
chested,1,12296
overscorning,1,12297
elected,1,12298
fenced,1,12299
alleghanies,1,12300
trooped,1,12301
comet,1,12302
beaters,1,12303
archangelical,1,12304
unfallen,1,12305
primeval,1,12306
aides,1,12307
marshals,1,12308
cohorts,1,12309
endlessly,1,12310
circumambient,1,12311
browsing,1,12312
gallopingly,1,12313
reviewed,1,12314
milkiness,1,12315
enforced,1,12316
repels,1,12317
loathed,1,12318
substantive,1,12319
deformity,1,12320
ugliest,1,12321
abortion,1,12322
attribute,1,12323
gauntleted,1,12324
historic,1,12325
froissart,1,12326
faction,1,12327
hoods,1,12328
ghent,1,12329
bailiff,1,12330
supernaturalism,1,12331
borrow,1,12332
wrap,1,12333
idealized,1,12334
dissent,1,12335
analyse,1,12336
citation,1,12337
sorcery,1,12338
ideality,1,12339
loosely,1,12340
whitsuntide,1,12341
pilgrims,1,12342
unread,1,12343
protestant,1,12344
nun,1,12345
evoke,1,12346
eyeless,1,12347
dungeoned,1,12348
structures,1,12349
byward,1,12350
sublimer,1,12351
dewy,1,12352
spectralness,1,12353
lulls,1,12354
afternoons,1,12355
gaudiest,1,12356
sleepiest,1,12357
sunsets,1,12358
unsubstantial,1,12359
hartz,1,12360
changeless,1,12361
unrustlingly,1,12362
whooping,1,12363
imps,1,12364
blocksburg,1,12365
toppling,1,12366
stampedoes,1,12367
tearlessness,1,12368
cope,1,12369
suburban,1,12370
pizarro,1,12371
spreads,1,12372
ramparts,1,12373
fixes,1,12374
distortions,1,12375
confessed,1,12376
exaggerating,1,12377
unimaginative,1,12378
universality,1,12379
faculties,1,12380
combed,1,12381
snowhowdahed,1,12382
desolateness,1,12383
reigning,1,12384
oneself,1,12385
legerdemain,1,12386
monuments,1,12387
surrenderest,1,12388
hypo,1,12389
foaled,1,12390
vermont,1,12391
sunniest,1,12392
snort,1,12393
gorings,1,12394
associated,1,12395
bisons,1,12396
beholdest,1,12397
demonism,1,12398
rending,1,12399
goring,1,12400
foal,1,12401
rollings,1,12402
rustlings,1,12403
festooned,1,12404
shiftings,1,12405
windrowed,1,12406
spheres,1,12407
intensifying,1,12408
indefiniteness,1,12409
stabs,1,12410
atheism,1,12411
emblazoning,1,12412
tinges,1,12413
butterflies,1,12414
harlot,1,12415
allurements,1,12416
charnel,1,12417
produces,1,12418
operating,1,12419
tulips,1,12420
leper,1,12421
lapland,1,12422
colouring,1,12423
gazes,1,12424
monumental,1,12425
hallowed,1,12426
precincts,1,12427
rustle,1,12428
neighbor,1,12429
cholo,1,12430
caramba,1,12431
tish,1,12432
succeeding,1,12433
ratification,1,12434
shadings,1,12435
piles,1,12436
substituted,1,12437
accomplishment,1,12438
absurdly,1,12439
unhooped,1,12440
driftings,1,12441
ascertained,1,12442
certainties,1,12443
timeliest,1,12444
periodicalness,1,12445
resorting,1,12446
collated,1,12447
migrations,1,12448
invariability,1,12449
construct,1,12450
migratory,1,12451
maury,1,12452
observatory,1,12453
divides,1,12454
exactitude,1,12455
tithe,1,12456
surveyor,1,12457
arbitrary,1,12458
exceeds,1,12459
circumspectly,1,12460
migrating,1,12461
expanses,1,12462
entangle,1,12463
methodical,1,12464
identically,1,12465
matured,1,12466
seychelle,1,12467
accomplishing,1,12468
antecedent,1,12469
probabilities,1,12470
fondly,1,12471
loiters,1,12472
predicted,1,12473
unloitering,1,12474
sleeplessness,1,12475
unquiet,1,12476
postpone,1,12477
southwards,1,12478
vacation,1,12479
monsoons,1,12480
pampas,1,12481
westers,1,12482
harmattans,1,12483
levanter,1,12484
simoon,1,12485
zig,1,12486
zag,1,12487
discreetly,1,12488
mufti,1,12489
thronged,1,12490
scalloped,1,12491
faintness,1,12492
trances,1,12493
unachieved,1,12494
revengeful,1,12495
clashing,1,12496
chasm,1,12497
beckoned,1,12498
unsuppressable,1,12499
scheming,1,12500
unappeasedly,1,12501
dissociated,1,12502
characterizing,1,12503
vehicle,1,12504
spontaneously,1,12505
contiguity,1,12506
inveteracy,1,12507
unfathered,1,12508
vacated,1,12509
somnambulistic,1,12510
creates,1,12511
verity,1,12512
aimed,1,12513
cypher,1,12514
intervened,1,12515
miasmas,1,12516
circumnavigated,1,12517
vanquished,1,12518
veracity,1,12519
impeach,1,12520
cognisable,1,12521
perilousness,1,12522
rinaldo,1,12523
rinaldini,1,12524
cultivate,1,12525
irascible,1,12526
unobtrusive,1,12527
celebrity,1,12528
renown,1,12529
cambyses,1,12530
scarred,1,12531
ombay,1,12532
tattoo,1,12533
morquan,1,12534
tortoise,1,12535
prose,1,12536
students,1,12537
marius,1,12538
sylla,1,12539
classic,1,12540
creating,1,12541
narragansett,1,12542
butler,1,12543
annawon,1,12544
headmost,1,12545
philip,1,12546
establishing,1,12547
reasonableness,1,12548
disheartening,1,12549
bolstering,1,12550
scout,1,12551
allegory,1,12552
frequency,1,12553
recur,1,12554
deaths,1,12555
obituary,1,12556
mails,1,12557
facetiousness,1,12558
plagues,1,12559
fortunately,1,12560
forswearing,1,12561
resident,1,12562
manoeuvres,1,12563
sufferings,1,12564
engrossed,1,12565
union,1,12566
thirdly,1,12567
oahu,1,12568
thimbleful,1,12569
valparaiso,1,12570
thwack,1,12571
providential,1,12572
saul,1,12573
tarsus,1,12574
unbelief,1,12575
hereof,1,12576
seventeenth,1,12577
thirteenth,1,12578
ochotsh,1,12579
fur,1,12580
northwest,1,12581
damage,1,12582
englander,1,12583
dorchester,1,12584
nephew,1,12585
substantiates,1,12586
siberian,1,12587
bartering,1,12588
manly,1,12589
wafer,1,12590
dampier,1,12591
chums,1,12592
corroborative,1,12593
ferdinando,1,12594
juan,1,12595
fernandes,1,12596
suddenness,1,12597
hammocks,1,12598
substantiate,1,12599
bumping,1,12600
assailing,1,12601
pusie,1,12602
cart,1,12603
eloquent,1,12604
corroborated,1,12605
repetitions,1,12606
millionth,1,12607
amen,1,12608
magistrate,1,12609
belisarius,1,12610
unexaggerating,1,12611
affecting,1,12612
mentions,1,12613
prefecture,1,12614
marmora,1,12615
habitual,1,12616
aliment,1,12617
habituation,1,12618
influential,1,12619
refining,1,12620
exceptionable,1,12621
ruling,1,12622
involves,1,12623
coerced,1,12624
disintegrate,1,12625
frustrate,1,12626
relapses,1,12627
leadership,1,12628
noways,1,12629
shrewdness,1,12630
impiousness,1,12631
obscure,1,12632
unreliable,1,12633
fickleness,1,12634
promissory,1,12635
intervene,1,12636
healthily,1,12637
evanescent,1,12638
sordidness,1,12639
incites,1,12640
savageness,1,12641
errantism,1,12642
chivalric,1,12643
crusaders,1,12644
traverse,1,12645
burglaries,1,12646
perspective,1,12647
mutinying,1,12648
cashier,1,12649
precautionary,1,12650
impulsively,1,12651
unanswerable,1,12652
impunity,1,12653
suppressed,1,12654
predominating,1,12655
analytic,1,12656
admonishing,1,12657
cloudy,1,12658
repassing,1,12659
marline,1,12660
intermitting,1,12661
crookedly,1,12662
weakly,1,12663
interweavingly,1,12664
swerved,1,12665
restrained,1,12666
prescribed,1,12667
featuring,1,12668
musically,1,12669
ticks,1,12670
uniformity,1,12671
genus,1,12672
shipkeepers,1,12673
samphire,1,12674
baskets,1,12675
evilly,1,12676
protruding,1,12677
funereally,1,12678
ebonness,1,12679
manillas,1,12680
subtilty,1,12681
spies,1,12682
stowaways,1,12683
drawlingly,1,12684
soothingly,1,12685
tut,1,12686
merrier,1,12687
stakes,1,12688
rascals,1,12689
ragamuffin,1,12690
rapscallions,1,12691
snoring,1,12692
gudgeons,1,12693
exordium,1,12694
sermonizings,1,12695
compounded,1,12696
spice,1,12697
invocations,1,12698
loungingly,1,12699
managed,1,12700
humorists,1,12701
inferiors,1,12702
whisperingly,1,12703
urging,1,12704
smuggled,1,12705
hogsheads,1,12706
clapt,1,12707
advent,1,12708
accounting,1,12709
conjectures,1,12710
hintings,1,12711
fencer,1,12712
counterbalance,1,12713
managing,1,12714
nimbly,1,12715
triangularly,1,12716
platformed,1,12717
adroitly,1,12718
breathlessly,1,12719
platform,1,12720
volunteered,1,12721
pedestal,1,12722
taller,1,12723
breastband,1,12724
habitude,1,12725
riotously,1,12726
perverse,1,12727
giddily,1,12728
unthought,1,12729
harmoniously,1,12730
flake,1,12731
stamping,1,12732
solicitudes,1,12733
languishing,1,12734
hatband,1,12735
sandpaper,1,12736
suffusingly,1,12737
tingled,1,12738
forerunning,1,12739
couriers,1,12740
outstrip,1,12741
intensest,1,12742
startlingly,1,12743
harsh,1,12744
philosophically,1,12745
drawled,1,12746
unlighted,1,12747
babes,1,12748
sucklings,1,12749
tornado,1,12750
fictitious,1,12751
bowling,1,12752
spurrings,1,12753
goadings,1,12754
sled,1,12755
raw,1,12756
recruit,1,12757
dun,1,12758
exploded,1,12759
suffocated,1,12760
curdling,1,12761
swamped,1,12762
bucklers,1,12763
crackled,1,12764
unconsumed,1,12765
propellers,1,12766
preservers,1,12767
waterproof,1,12768
keg,1,12769
ignite,1,12770
imbecile,1,12771
forlornness,1,12772
hollowing,1,12773
haply,1,12774
discerns,1,12775
dispirits,1,12776
creeds,1,12777
persuasions,1,12778
knobby,1,12779
ostrich,1,12780
gobbles,1,12781
bullets,1,12782
flints,1,12783
worryings,1,12784
sly,1,12785
hits,1,12786
punches,1,12787
wayward,1,12788
tribulation,1,12789
foggy,1,12790
witnesses,1,12791
capsizings,1,12792
bivouacks,1,12793
resign,1,12794
impetuousness,1,12795
scuttling,1,12796
stampings,1,12797
implicated,1,12798
draft,1,12799
executor,1,12800
legatee,1,12801
tinkering,1,12802
wills,1,12803
testaments,1,12804
contentedly,1,12805
hindmost,1,12806
disable,1,12807
jeopardize,1,12808
tamerlane,1,12809
apportioned,1,12810
solicited,1,12811
foreseen,1,12812
fitting,1,12813
bestirring,1,12814
thole,1,12815
solicitously,1,12816
skewers,1,12817
pinned,1,12818
groove,1,12819
sheathing,1,12820
gouged,1,12821
preparative,1,12822
create,1,12823
unsubduable,1,12824
mannerly,1,12825
tie,1,12826
communities,1,12827
aboriginalness,1,12828
descendants,1,12829
unknowing,1,12830
uncanonical,1,12831
rabbins,1,12832
verdes,1,12833
carrol,1,12834
unstaked,1,12835
locality,1,12836
helena,1,12837
scrolls,1,12838
quivered,1,12839
upheaving,1,12840
antagonistic,1,12841
yawingly,1,12842
echoes,1,12843
preternaturalness,1,12844
rend,1,12845
blandness,1,12846
voyaged,1,12847
lonesomely,1,12848
vacating,1,12849
urn,1,12850
gored,1,12851
vacuity,1,12852
ravens,1,12853
hootings,1,12854
obstinately,1,12855
roosting,1,12856
homeless,1,12857
selves,1,12858
remorse,1,12859
tormentoto,1,12860
silences,1,12861
transformed,1,12862
everlastingly,1,12863
gloomiest,1,12864
reserve,1,12865
passively,1,12866
await,1,12867
fatalists,1,12868
congeal,1,12869
eyelashes,1,12870
burstingly,1,12871
bowline,1,12872
wordless,1,12873
barometer,1,12874
unremoved,1,12875
unrolled,1,12876
eyest,1,12877
fullers,1,12878
spectral,1,12879
reddened,1,12880
furred,1,12881
hoar,1,12882
clad,1,12883
skins,1,12884
bepatched,1,12885
fathomless,1,12886
amain,1,12887
evincing,1,12888
observance,1,12889
placidly,1,12890
capriciously,1,12891
whereto,1,12892
cyclades,1,12893
ostensible,1,12894
absorbingly,1,12895
inadequately,1,12896
inhospitable,1,12897
wilds,1,12898
illimitable,1,12899
bounder,1,12900
date,1,12901
agreeable,1,12902
congenialities,1,12903
privations,1,12904
shyness,1,12905
yankee,1,12906
nondescript,1,12907
provincialisms,1,12908
foible,1,12909
foibles,1,12910
dandies,1,12911
indulging,1,12912
finical,1,12913
criticism,1,12914
bowings,1,12915
scrapings,1,12916
overmuch,1,12917
likenesses,1,12918
unostentatious,1,12919
spouters,1,12920
elevation,1,12921
boasting,1,12922
dictionaries,1,12923
erudition,1,12924
noun,1,12925
rowed,1,12926
cushioned,1,12927
milliner,1,12928
decorated,1,12929
ribbons,1,12930
gouty,1,12931
aldermen,1,12932
rapping,1,12933
topple,1,12934
straddling,1,12935
steadying,1,12936
ballast,1,12937
authenticated,1,12938
polynesians,1,12939
visitation,1,12940
judgments,1,12941
confederate,1,12942
communicated,1,12943
injunctions,1,12944
rambled,1,12945
governed,1,12946
transpired,1,12947
interweaving,1,12948
publicly,1,12949
lasting,1,12950
sighting,1,12951
terrapin,1,12952
tiled,1,12953
cavaliers,1,12954
interluding,1,12955
eaves,1,12956
stabbed,1,12957
believing,1,12958
averse,1,12959
sensibly,1,12960
repaired,1,12961
commonest,1,12962
favoured,1,12963
prosperous,1,12964
brutal,1,12965
provoked,1,12966
crave,1,12967
masted,1,12968
callao,1,12969
agrarian,1,12970
freebooting,1,12971
interflowing,1,12972
huron,1,12973
expansiveness,1,12974
rimmed,1,12975
races,1,12976
shored,1,12977
approaches,1,12978
territorial,1,12979
frowned,1,12980
batteries,1,12981
craggy,1,12982
thunderings,1,12983
victories,1,12984
peltry,1,12985
wigwams,1,12986
flanked,1,12987
unentered,1,12988
serried,1,12989
harboring,1,12990
exported,1,12991
furs,1,12992
cleveland,1,12993
winnebago,1,12994
cruiser,1,12995
borean,1,12996
dismasting,1,12997
blasts,1,12998
shipwrecks,1,12999
inlander,1,13000
austere,1,13001
quarrel,1,13002
backwoods,1,13003
bowie,1,13004
decency,1,13005
skippers,1,13006
clanging,1,13007
accessible,1,13008
unthinking,1,13009
conveniently,1,13010
overflowed,1,13011
scupper,1,13012
conventional,1,13013
conceives,1,13014
dislike,1,13015
bitterness,1,13016
tasseled,1,13017
viceroy,1,13018
espying,1,13019
unawed,1,13020
banterings,1,13021
cannikin,1,13022
bottling,1,13023
investment,1,13024
gang,1,13025
estate,1,13026
denotes,1,13027
energies,1,13028
wiping,1,13029
profuse,1,13030
offensive,1,13031
inflexibility,1,13032
instinctive,1,13033
neatness,1,13034
prescriptive,1,13035
athletic,1,13036
trivial,1,13037
unwillingness,1,13038
passionateness,1,13039
ireful,1,13040
aggrieved,1,13041
sweepers,1,13042
billeted,1,13043
unconditionally,1,13044
reiterating,1,13045
smothering,1,13046
conflagration,1,13047
doggedly,1,13048
intimation,1,13049
forborne,1,13050
comported,1,13051
repeating,1,13052
poniard,1,13053
clenching,1,13054
creepingly,1,13055
persecutor,1,13056
slaughter,1,13057
mastheads,1,13058
harbours,1,13059
boatmen,1,13060
thriving,1,13061
affluent,1,13062
cultivated,1,13063
fertility,1,13064
holies,1,13065
mohawk,1,13066
counties,1,13067
chapels,1,13068
milestones,1,13069
venetianly,1,13070
ashantee,1,13071
patronising,1,13072
freebooters,1,13073
encamp,1,13074
vicinities,1,13075
plazza,1,13076
dame,1,13077
isabella,1,13078
inquisition,1,13079
wanes,1,13080
limeese,1,13081
plentiful,1,13082
purge,1,13083
picturesquely,1,13084
antony,1,13085
turfed,1,13086
toying,1,13087
ripening,1,13088
apricot,1,13089
sports,1,13090
ribboned,1,13091
betoken,1,13092
visage,1,13093
swagger,1,13094
unshunned,1,13095
redeeming,1,13096
emphatically,1,13097
graduates,1,13098
sydney,1,13099
curiousness,1,13100
rural,1,13101
probationary,1,13102
reaping,1,13103
ruffles,1,13104
backstay,1,13105
baleful,1,13106
comets,1,13107
uproar,1,13108
turmoil,1,13109
atrocious,1,13110
scoundrel,1,13111
hastily,1,13112
slewing,1,13113
parisians,1,13114
entrenched,1,13115
throats,1,13116
defied,1,13117
fearing,1,13118
patrolled,1,13119
promises,1,13120
discharge,1,13121
growlingly,1,13122
padlock,1,13123
companionway,1,13124
clinking,1,13125
resounded,1,13126
prisoners,1,13127
pocketing,1,13128
wrangling,1,13129
scuffling,1,13130
summons,1,13131
fetid,1,13132
closeness,1,13133
famishing,1,13134
reiterated,1,13135
babbling,1,13136
mutineers,1,13137
jeer,1,13138
defection,1,13139
associates,1,13140
entombment,1,13141
garrison,1,13142
amuck,1,13143
devilishness,1,13144
desperation,1,13145
opposition,1,13146
objected,1,13147
reserving,1,13148
miscreants,1,13149
treachery,1,13150
determination,1,13151
chemistry,1,13152
villany,1,13153
treacheries,1,13154
gagged,1,13155
collared,1,13156
rebelled,1,13157
reprimand,1,13158
administered,1,13159
vernacular,1,13160
rogues,1,13161
mince,1,13162
crucified,1,13163
bantam,1,13164
execute,1,13165
crept,1,13166
clamor,1,13167
besieged,1,13168
cuffs,1,13169
instigation,1,13170
peacefulness,1,13171
speediest,1,13172
adopt,1,13173
passiveness,1,13174
ventricles,1,13175
unseamanlike,1,13176
dozed,1,13177
braiding,1,13178
oddish,1,13179
netted,1,13180
tucking,1,13181
ordaining,1,13182
planned,1,13183
avenger,1,13184
damning,1,13185
stupid,1,13186
jesu,1,13187
christenings,1,13188
rehearse,1,13189
sirs,1,13190
forgetful,1,13191
undeterred,1,13192
rumours,1,13193
dogged,1,13194
askance,1,13195
spangling,1,13196
opal,1,13197
pervades,1,13198
mapped,1,13199
slacken,1,13200
whitenesses,1,13201
keeling,1,13202
resided,1,13203
foremastmen,1,13204
underwent,1,13205
poop,1,13206
reinforcement,1,13207
corals,1,13208
assuring,1,13209
adios,1,13210
beached,1,13211
befriended,1,13212
providentially,1,13213
tahitians,1,13214
chartering,1,13215
refuses,1,13216
convictions,1,13217
advised,1,13218
auto,1,13219
da,1,13220
fe,1,13221
archiepiscopacy,1,13222
withdraw,1,13223
procuring,1,13224
advert,1,13225
portraits,1,13226
challenge,1,13227
proving,1,13228
pictorial,1,13229
delusions,1,13230
inventive,1,13231
unscrupulous,1,13232
panellings,1,13233
pedestals,1,13234
statues,1,13235
shields,1,13236
medallions,1,13237
saladin,1,13238
cavern,1,13239
brahmins,1,13240
prefigured,1,13241
occurs,1,13242
vishnu,1,13243
matse,1,13244
avatar,1,13245
section,1,13246
galleries,1,13247
succeeds,1,13248
rescuing,1,13249
hogarth,1,13250
hogarthian,1,13251
howdah,1,13252
prodromus,1,13253
primers,1,13254
imitated,1,13255
vases,1,13256
publisher,1,13257
revival,1,13258
vignettes,1,13259
embellishments,1,13260
eau,1,13261
unexhausted,1,13262
advancement,1,13263
unprofessional,1,13264
peterson,1,13265
rafts,1,13266
veracious,1,13267
compilations,1,13268
heinousness,1,13269
unsightly,1,13270
amputated,1,13271
amaze,1,13272
hippogriff,1,13273
germain,1,13274
systemized,1,13275
incorrect,1,13276
sheaf,1,13277
squash,1,13278
predecessor,1,13279
abortions,1,13280
saucers,1,13281
painters,1,13282
shops,1,13283
humps,1,13284
breakfasting,1,13285
tarts,1,13286
deformities,1,13287
undashed,1,13288
presumable,1,13289
limbered,1,13290
accurate,1,13291
bentham,1,13292
library,1,13293
chrysalis,1,13294
roundingly,1,13295
strikingly,1,13296
mittens,1,13297
unpainted,1,13298
exactness,1,13299
erroneous,1,13300
capping,1,13301
frontispiece,1,13302
wretchedly,1,13303
convey,1,13304
truthful,1,13305
incomputable,1,13306
precipice,1,13307
bob,1,13308
mossy,1,13309
candies,1,13310
maccaroni,1,13311
foreground,1,13312
unstarched,1,13313
conversant,1,13314
marvellously,1,13315
versailles,1,13316
beholder,1,13317
battles,1,13318
aptitude,1,13319
draughtsmen,1,13320
sketching,1,13321
renowned,1,13322
miniatures,1,13323
classical,1,13324
diligence,1,13325
leuwenhoeck,1,13326
submits,1,13327
inspection,1,13328
fac,1,13329
similes,1,13330
disparagement,1,13331
oversight,1,13332
subscribes,1,13333
durand,1,13334
breezeless,1,13335
quay,1,13336
smithies,1,13337
quicken,1,13338
kedger,1,13339
integrity,1,13340
justification,1,13341
clearings,1,13342
contemplating,1,13343
amputation,1,13344
graven,1,13345
elaborately,1,13346
dentistical,1,13347
skrimshandering,1,13348
tool,1,13349
exile,1,13350
civilization,1,13351
restores,1,13352
savagery,1,13353
allegiance,1,13354
rebel,1,13355
elaboration,1,13356
perseverance,1,13357
intricacy,1,13358
cost,1,13359
maziness,1,13360
achilles,1,13361
shield,1,13362
suggestiveness,1,13363
albert,1,13364
durer,1,13365
forecastles,1,13366
roofed,1,13367
knockers,1,13368
porter,1,13369
intents,1,13370
labelled,1,13371
ribby,1,13372
groupings,1,13373
windy,1,13374
surges,1,13375
amphitheatrical,1,13376
heights,1,13377
profiles,1,13378
intersecting,1,13379
soloma,1,13380
ruffed,1,13381
mendanna,1,13382
figuera,1,13383
expandingly,1,13384
revolutions,1,13385
argo,1,13386
navis,1,13387
hydrus,1,13388
fasces,1,13389
encamped,1,13390
sluggishly,1,13391
fringing,1,13392
seethingly,1,13393
shallows,1,13394
drifts,1,13395
blackened,1,13396
elevations,1,13397
beholds,1,13398
overgrowth,1,13399
specialties,1,13400
unsocial,1,13401
repelling,1,13402
stateliest,1,13403
aboriginally,1,13404
hebrews,1,13405
korah,1,13406
spawned,1,13407
tigress,1,13408
jungle,1,13409
overlays,1,13410
overruns,1,13411
subtleness,1,13412
unapparent,1,13413
loveliest,1,13414
brilliance,1,13415
cannibalism,1,13416
encompassed,1,13417
languid,1,13418
stagnant,1,13419
burnished,1,13420
glade,1,13421
enjoining,1,13422
slippered,1,13423
spectre,1,13424
disentangling,1,13425
stiletto,1,13426
connect,1,13427
forgetting,1,13428
pulpy,1,13429
anacondas,1,13430
perceptible,1,13431
obtains,1,13432
disgorge,1,13433
clings,1,13434
kraken,1,13435
pontoppodan,1,13436
describes,1,13437
narrates,1,13438
abatement,1,13439
assigns,1,13440
anak,1,13441
vapoured,1,13442
impregnated,1,13443
pliable,1,13444
stiffen,1,13445
adds,1,13446
durability,1,13447
compactness,1,13448
gloss,1,13449
superseded,1,13450
durable,1,13451
aesthetics,1,13452
circassian,1,13453
spirally,1,13454
densely,1,13455
spiralizations,1,13456
tangle,1,13457
precaution,1,13458
reeving,1,13459
twists,1,13460
freight,1,13461
loop,1,13462
facilitate,1,13463
mug,1,13464
jogs,1,13465
leaded,1,13466
prevents,1,13467
mystifications,1,13468
jugglers,1,13469
snakes,1,13470
sportively,1,13471
festooning,1,13472
circumstanced,1,13473
marrow,1,13474
jelly,1,13475
sallies,1,13476
jokes,1,13477
repartees,1,13478
hangman,1,13479
nooses,1,13480
burghers,1,13481
calais,1,13482
edward,1,13483
halter,1,13484
whizzings,1,13485
engine,1,13486
grazing,1,13487
cradle,1,13488
adjusting,1,13489
mazeppa,1,13490
precedes,1,13491
prophesies,1,13492
explosion,1,13493
serpentines,1,13494
halters,1,13495
realize,1,13496
poker,1,13497
honing,1,13498
parm,1,13499
resist,1,13500
voyaging,1,13501
fewer,1,13502
denizens,1,13503
pendulum,1,13504
forgetfulness,1,13505
trough,1,13506
burgher,1,13507
enchanter,1,13508
wakefulness,1,13509
majestically,1,13510
tranquillity,1,13511
flitted,1,13512
smoker,1,13513
cheered,1,13514
elevates,1,13515
transform,1,13516
sharppointed,1,13517
spluttering,1,13518
cucumbers,1,13519
graves,1,13520
woo,1,13521
hoo,1,13522
wa,1,13523
screamed,1,13524
whoop,1,13525
bounced,1,13526
screams,1,13527
ka,1,13528
koo,1,13529
loo,1,13530
retaining,1,13531
encouraged,1,13532
tugged,1,13533
fumes,1,13534
blisteringly,1,13535
cloths,1,13536
quilted,1,13537
indispensableness,1,13538
mop,1,13539
piggin,1,13540
bailer,1,13541
harpstring,1,13542
atlantics,1,13543
bubbled,1,13544
seethed,1,13545
glowed,1,13546
vehement,1,13547
wallowed,1,13548
overwrapped,1,13549
phrensied,1,13550
dilating,1,13551
respirations,1,13552
thoughtfully,1,13553
pushes,1,13554
fastener,1,13555
superhuman,1,13556
bawl,1,13557
disrated,1,13558
boatheader,1,13559
efficiency,1,13560
twigs,1,13561
productive,1,13562
notched,1,13563
slopingly,1,13564
hurler,1,13565
doubling,1,13566
convulsive,1,13567
prudently,1,13568
thenceforth,1,13569
skittishly,1,13570
curvetting,1,13571
entangling,1,13572
engaging,1,13573
concurring,1,13574
ineffectually,1,13575
elucidate,1,13576
passages,1,13577
thumbs,1,13578
dissatisfaction,1,13579
bullocks,1,13580
reclines,1,13581
relatively,1,13582
flexibility,1,13583
ingeniously,1,13584
overcome,1,13585
adroit,1,13586
quiescence,1,13587
flushed,1,13588
conquest,1,13589
manifest,1,13590
intemperately,1,13591
flavorish,1,13592
palate,1,13593
defray,1,13594
expenses,1,13595
realizing,1,13596
banqueter,1,13597
mastications,1,13598
smackingly,1,13599
feasted,1,13600
fatness,1,13601
bunks,1,13602
slapping,1,13603
scooped,1,13604
unassailable,1,13605
contrive,1,13606
countersinking,1,13607
cannibally,1,13608
hilted,1,13609
quarrelsomely,1,13610
upside,1,13611
trotting,1,13612
congregate,1,13613
jovial,1,13614
whaleship,1,13615
expediency,1,13616
conciliating,1,13617
epicurean,1,13618
widening,1,13619
glee,1,13620
shambling,1,13621
galley,1,13622
assisting,1,13623
inclining,1,13624
reddish,1,13625
overdone,1,13626
shindy,1,13627
civilly,1,13628
moderation,1,13629
se,1,13630
smackin,1,13631
hatchings,1,13632
mustn,1,13633
belubed,1,13634
approvingly,1,13635
coax,1,13636
wery,1,13637
woracious,1,13638
zay,1,13639
bitin,1,13640
collaring,1,13641
sartin,1,13642
ing,1,13643
goberned,1,13644
ren,1,13645
wonst,1,13646
cibil,1,13647
yourselbs,1,13648
tearin,1,13649
neighbour,1,13650
toder,1,13651
brigger,1,13652
oders,1,13653
mouts,1,13654
brigness,1,13655
swaller,1,13656
scrouge,1,13657
demselves,1,13658
willains,1,13659
scougin,1,13660
oder,1,13661
g,1,13662
uttons,1,13663
shrill,1,13664
cussed,1,13665
damndest,1,13666
testily,1,13667
bolting,1,13668
continuation,1,13669
ober,1,13670
bress,1,13671
noder,1,13672
angrily,1,13673
mumbled,1,13674
dis,1,13675
brack,1,13676
demeanor,1,13677
fetched,1,13678
colder,1,13679
sulks,1,13680
gizzard,1,13681
overdoing,1,13682
tips,1,13683
soused,1,13684
cutlets,1,13685
stead,1,13686
ejaculation,1,13687
viiith,1,13688
inventing,1,13689
barbacued,1,13690
turtle,1,13691
veal,1,13692
monks,1,13693
dunfermline,1,13694
unprejudiced,1,13695
partake,1,13696
zogranda,1,13697
recommends,1,13698
nourishing,1,13699
housewives,1,13700
oly,1,13701
eatable,1,13702
depreciates,1,13703
delicately,1,13704
jellied,1,13705
cocoanut,1,13706
puddings,1,13707
flour,1,13708
delectable,1,13709
bucks,1,13710
discrimination,1,13711
reproachfully,1,13712
tu,1,13713
excessively,1,13714
abhorrence,1,13715
bipeds,1,13716
quadrupeds,1,13717
provident,1,13718
nailest,1,13719
geese,1,13720
feastest,1,13721
bloated,1,13722
pate,1,13723
foie,1,13724
gras,1,13725
goose,1,13726
secretary,1,13727
cruelty,1,13728
ganders,1,13729
formally,1,13730
indite,1,13731
circulars,1,13732
patronise,1,13733
reservation,1,13734
tickle,1,13735
unaccustomed,1,13736
maggots,1,13737
foamy,1,13738
marksmen,1,13739
disembowelments,1,13740
entrails,1,13741
oppositely,1,13742
voided,1,13743
corpses,1,13744
narrower,1,13745
honed,1,13746
wedder,1,13747
wat,1,13748
ingin,1,13749
professors,1,13750
shamble,1,13751
butcher,1,13752
leans,1,13753
swash,1,13754
spiralizing,1,13755
uniformly,1,13756
scarf,1,13757
grazes,1,13758
sways,1,13759
swordsman,1,13760
slicings,1,13761
severs,1,13762
peeling,1,13763
unfurnished,1,13764
scarfing,1,13765
assuaging,1,13766
friction,1,13767
unvexed,1,13768
controversies,1,13769
unchanged,1,13770
tougher,1,13771
ranges,1,13772
unmarred,1,13773
contracts,1,13774
thickens,1,13775
exerted,1,13776
thinner,1,13777
integument,1,13778
observant,1,13779
hieroglyphical,1,13780
cyphers,1,13781
retentive,1,13782
characters,1,13783
palisades,1,13784
undecipherable,1,13785
phenomena,1,13786
agassiz,1,13787
imagines,1,13788
remarked,1,13789
poncho,1,13790
slipt,1,13791
skirting,1,13792
blanketing,1,13793
weathers,1,13794
refrigerators,1,13795
bask,1,13796
freeze,1,13797
explanation,1,13798
warmer,1,13799
borneo,1,13800
spaciousness,1,13801
domed,1,13802
splashed,1,13803
poniards,1,13804
headless,1,13805
unclouded,1,13806
wafted,1,13807
perspectives,1,13808
punctiliously,1,13809
speckled,1,13810
ween,1,13811
piously,1,13812
pounce,1,13813
vultureism,1,13814
desecrated,1,13815
survives,1,13816
espied,1,13817
obscuring,1,13818
vacuum,1,13819
precedents,1,13820
utility,1,13821
survival,1,13822
bottomed,1,13823
orthodoxy,1,13824
lane,1,13825
beheading,1,13826
interdicted,1,13827
behead,1,13828
holofernes,1,13829
judith,1,13830
lotus,1,13831
unfolding,1,13832
noiselessness,1,13833
decapitation,1,13834
ungarnished,1,13835
untold,1,13836
breezelessness,1,13837
analogies,1,13838
atom,1,13839
facility,1,13840
abeam,1,13841
infecting,1,13842
untainted,1,13843
incorruptible,1,13844
conscientiously,1,13845
quarantine,1,13846
bearings,1,13847
notabilities,1,13848
totalities,1,13849
youngish,1,13850
freckles,1,13851
cabalistically,1,13852
walnut,1,13853
togged,1,13854
laudanum,1,13855
craziness,1,13856
manifesto,1,13857
vicar,1,13858
oceanica,1,13859
sacredness,1,13860
devoting,1,13861
maltreated,1,13862
fawned,1,13863
instructions,1,13864
fanatics,1,13865
deceiving,1,13866
bedevilling,1,13867
bilious,1,13868
caprices,1,13869
jogged,1,13870
greedily,1,13871
gibbering,1,13872
shaker,1,13873
incarnated,1,13874
unwilling,1,13875
despite,1,13876
denunciations,1,13877
forewarnings,1,13878
persuading,1,13879
unsuccessful,1,13880
onsets,1,13881
hurling,1,13882
prophecies,1,13883
sacrilegious,1,13884
divinity,1,13885
venting,1,13886
essaying,1,13887
harmed,1,13888
parenthesize,1,13889
accompanies,1,13890
specifically,1,13891
stolidly,1,13892
scrawl,1,13893
har,1,13894
pinny,1,13895
throttle,1,13896
missive,1,13897
staying,1,13898
retrace,1,13899
tensing,1,13900
revolves,1,13901
costume,1,13902
scrabble,1,13903
scramble,1,13904
elongated,1,13905
ligature,1,13906
liabilities,1,13907
metaphysically,1,13908
misfortune,1,13909
unmerited,1,13910
interregnum,1,13911
equity,1,13912
gross,1,13913
plurality,1,13914
banker,1,13915
sends,1,13916
improvement,1,13917
guarantee,1,13918
carcass,1,13919
rabid,1,13920
swarmed,1,13921
beehive,1,13922
miscellaneously,1,13923
carnivorous,1,13924
ravenous,1,13925
wherewith,1,13926
disinterested,1,13927
muddled,1,13928
indiscreet,1,13929
amputating,1,13930
consolatory,1,13931
cognac,1,13932
suspiciously,1,13933
untasted,1,13934
kindle,1,13935
firewood,1,13936
matches,1,13937
tinder,1,13938
sneaking,1,13939
kannakin,1,13940
calomel,1,13941
jalap,1,13942
bitters,1,13943
drug,1,13944
insurances,1,13945
gingerly,1,13946
weazel,1,13947
caddy,1,13948
patches,1,13949
tightened,1,13950
plied,1,13951
contending,1,13952
tremor,1,13953
drippings,1,13954
performed,1,13955
circuit,1,13956
flanking,1,13957
multitudes,1,13958
swum,1,13959
thirstily,1,13960
israelites,1,13961
capsize,1,13962
gamboge,1,13963
disguise,1,13964
tucks,1,13965
soladoes,1,13966
latch,1,13967
sneaks,1,13968
daresn,1,13969
darbies,1,13970
lets,1,13971
kidnapped,1,13972
kidnap,1,13973
nape,1,13974
grab,1,13975
docked,1,13976
sneak,1,13977
necessaries,1,13978
counterpoise,1,13979
regained,1,13980
locke,1,13981
kant,1,13982
trimming,1,13983
carcases,1,13984
overburdening,1,13985
panniers,1,13986
lengthen,1,13987
laplandish,1,13988
bandied,1,13989
extremes,1,13990
symmetry,1,13991
lacks,1,13992
lashless,1,13993
sideway,1,13994
dagger,1,13995
imperceptibly,1,13996
nothingness,1,13997
impairing,1,13998
undiscriminating,1,13999
excluded,1,14000
demonstrations,1,14001
euclid,1,14002
investigated,1,14003
incongruity,1,14004
vacillations,1,14005
liability,1,14006
frights,1,14007
diametrically,1,14008
imperceptible,1,14009
lens,1,14010
herschel,1,14011
porches,1,14012
subtilize,1,14013
levers,1,14014
kentucky,1,14015
mammoth,1,14016
chaste,1,14017
satins,1,14018
snuff,1,14019
dispirited,1,14020
hypochondriac,1,14021
supine,1,14022
ungainly,1,14023
reproach,1,14024
dentists,1,14025
undecayed,1,14026
sawn,1,14027
shoemaker,1,14028
spoutholes,1,14029
bass,1,14030
viol,1,14031
spiracles,1,14032
apertures,1,14033
fix,1,14034
incrustation,1,14035
greenlanders,1,14036
fixing,1,14037
nestle,1,14038
diademed,1,14039
diadem,1,14040
gape,1,14041
scimetar,1,14042
slats,1,14043
depending,1,14044
cursorily,1,14045
fringed,1,14046
strains,1,14047
retains,1,14048
openmouthed,1,14049
criterion,1,14050
demonstrable,1,14051
analogical,1,14052
chop,1,14053
tufts,1,14054
stiffening,1,14055
farthingale,1,14056
thoughtlessness,1,14057
haarlem,1,14058
rug,1,14059
softest,1,14060
turkey,1,14061
barreler,1,14062
mandible,1,14063
speculative,1,14064
stoic,1,14065
spinoza,1,14066
physiologist,1,14067
investigate,1,14068
unexaggerated,1,14069
satisfactorily,1,14070
vestige,1,14071
impregnably,1,14072
toughness,1,14073
sharpest,1,14074
indiamen,1,14075
toughest,1,14076
illustrates,1,14077
bladder,1,14078
unique,1,14079
celled,1,14080
honeycombs,1,14081
susceptible,1,14082
irresistibleness,1,14083
impalpable,1,14084
destructive,1,14085
uninjurable,1,14086
specialities,1,14087
concentrations,1,14088
braining,1,14089
feats,1,14090
renounced,1,14091
isthmus,1,14092
darien,1,14093
elevate,1,14094
provincial,1,14095
sentimentalist,1,14096
salamander,1,14097
provincials,1,14098
weakling,1,14099
goddess,1,14100
lais,1,14101
quoins,1,14102
cranium,1,14103
subdivide,1,14104
euclidean,1,14105
inclination,1,14106
subdivided,1,14107
honeycomb,1,14108
recrossing,1,14109
mystically,1,14110
adornment,1,14111
wines,1,14112
rhenish,1,14113
prized,1,14114
limpid,1,14115
odoriferous,1,14116
unalloyed,1,14117
crystalline,1,14118
dribbles,1,14119
coated,1,14120
coating,1,14121
lining,1,14122
pelisse,1,14123
decapitating,1,14124
operator,1,14125
sanctuary,1,14126
wastingly,1,14127
travelling,1,14128
muezzin,1,14129
searches,1,14130
guides,1,14131
pail,1,14132
remounting,1,14133
cabled,1,14134
eightieth,1,14135
suckingly,1,14136
hoisters,1,14137
struggles,1,14138
ramming,1,14139
cartridge,1,14140
rocket,1,14141
sinker,1,14142
lunges,1,14143
impediments,1,14144
midwifery,1,14145
fencing,1,14146
boxing,1,14147
slipperiness,1,14148
curb,1,14149
tissued,1,14150
lightest,1,14151
corky,1,14152
sinks,1,14153
counteracted,1,14154
undetached,1,14155
agile,1,14156
whitest,1,14157
coffined,1,14158
sanctum,1,14159
sanctorum,1,14160
sweeter,1,14161
physiognomist,1,14162
scrutinized,1,14163
pantheon,1,14164
studies,1,14165
dwells,1,14166
modifications,1,14167
disciple,1,14168
spurzheim,1,14169
achieve,1,14170
modifies,1,14171
appendage,1,14172
gardening,1,14173
cupola,1,14174
phidias,1,14175
conceptions,1,14176
obtruding,1,14177
defiles,1,14178
affixed,1,14179
decrees,1,14180
alpine,1,14181
shakespeare,1,14182
melancthon,1,14183
tideless,1,14184
antlered,1,14185
domineer,1,14186
orient,1,14187
tongueless,1,14188
protrusion,1,14189
cultured,1,14190
lure,1,14191
enthrone,1,14192
unhaunted,1,14193
deciphered,1,14194
decipher,1,14195
physiognomy,1,14196
languages,1,14197
simplest,1,14198
unlettered,1,14199
sphinx,1,14200
geometrical,1,14201
unhinge,1,14202
angularly,1,14203
superincumbent,1,14204
reposes,1,14205
outworks,1,14206
citadel,1,14207
fortifications,1,14208
secreted,1,14209
convolutions,1,14210
unload,1,14211
spermy,1,14212
scaled,1,14213
confound,1,14214
remarking,1,14215
veneration,1,14216
negations,1,14217
affirmative,1,14218
dwarfed,1,14219
inlaying,1,14220
basso,1,14221
relievo,1,14222
phrenology,1,14223
fibrous,1,14224
undecreasing,1,14225
smallness,1,14226
compensated,1,14227
indomitable,1,14228
wavingly,1,14229
borrowing,1,14230
invertedly,1,14231
contradict,1,14232
newcastle,1,14233
indubitably,1,14234
deserving,1,14235
harness,1,14236
unrolling,1,14237
incrustations,1,14238
overgrowing,1,14239
afflicted,1,14240
jaundice,1,14241
infirmity,1,14242
questionable,1,14243
retarded,1,14244
muzzle,1,14245
commotions,1,14246
upbubble,1,14247
paregoric,1,14248
adverse,1,14249
indiaman,1,14250
hindostan,1,14251
buries,1,14252
wallows,1,14253
cumbrous,1,14254
deriding,1,14255
gesture,1,14256
ungracious,1,14257
mocks,1,14258
dares,1,14259
greyhounds,1,14260
villainous,1,14261
budding,1,14262
suds,1,14263
quahogs,1,14264
muffins,1,14265
barreller,1,14266
duff,1,14267
sog,1,14268
sogger,1,14269
retarding,1,14270
economically,1,14271
dogger,1,14272
incited,1,14273
taunts,1,14274
momentarily,1,14275
chivalrous,1,14276
midship,1,14277
diagonically,1,14278
maddening,1,14279
yawed,1,14280
clipped,1,14281
plaintive,1,14282
pitied,1,14283
chose,1,14284
diagonal,1,14285
bumped,1,14286
sunbeam,1,14287
cougar,1,14288
tilbury,1,14289
mail,1,14290
loggerheads,1,14291
ceasing,1,14292
expending,1,14293
hooking,1,14294
atmospheres,1,14295
credible,1,14296
layeth,1,14297
habergeon,1,14298
esteemeth,1,14299
stubble,1,14300
laugheth,1,14301
unfulfilments,1,14302
thighs,1,14303
conducting,1,14304
throbs,1,14305
icefield,1,14306
valves,1,14307
valvular,1,14308
drain,1,14309
arterial,1,14310
misgrown,1,14311
prostrate,1,14312
protruded,1,14313
bulbs,1,14314
bridals,1,14315
makings,1,14316
inoffensiveness,1,14317
protuberance,1,14318
bushel,1,14319
ulcerous,1,14320
goaded,1,14321
bespattering,1,14322
glorying,1,14323
marring,1,14324
flapped,1,14325
stifled,1,14326
unrifled,1,14327
artificially,1,14328
healed,1,14329
ulceration,1,14330
rummaged,1,14331
discoveries,1,14332
unprecedentedly,1,14333
ordering,1,14334
gabled,1,14335
gasped,1,14336
inlayings,1,14337
cabins,1,14338
dislocation,1,14339
timberheads,1,14340
ponderosity,1,14341
aspirations,1,14342
flush,1,14343
incumbrance,1,14344
generated,1,14345
balloon,1,14346
bays,1,14347
uncapturable,1,14348
unskilful,1,14349
dericks,1,14350
enterprises,1,14351
disorderliness,1,14352
honourableness,1,14353
demi,1,14354
subordinately,1,14355
emblazoned,1,14356
sordid,1,14357
knightly,1,14358
intrepidly,1,14359
arkite,1,14360
legends,1,14361
italy,1,14362
suggestively,1,14363
chronicles,1,14364
dragons,1,14365
jumbled,1,14366
versions,1,14367
subtract,1,14368
mislead,1,14369
griffin,1,14370
horseback,1,14371
artists,1,14372
ancientest,1,14373
dagon,1,14374
israel,1,14375
tutelary,1,14376
guardian,1,14377
patron,1,14378
decoration,1,14379
crockett,1,14380
kit,1,14381
carson,1,14382
doer,1,14383
mooted,1,14384
clan,1,14385
versa,1,14386
saints,1,14387
demigods,1,14388
godhead,1,14389
hindoos,1,14390
incarnations,1,14391
recreate,1,14392
dissolutions,1,14393
preside,1,14394
perusal,1,14395
historically,1,14396
distrust,1,14397
orthodox,1,14398
arion,1,14399
unscientific,1,14400
choke,1,14401
jebb,1,14402
anticipative,1,14403
whist,1,14404
ensconced,1,14405
toothless,1,14406
incarcerated,1,14407
gastric,1,14408
juices,1,14409
exegetist,1,14410
supposes,1,14411
campaign,1,14412
divined,1,14413
christened,1,14414
exegetists,1,14415
opined,1,14416
inflated,1,14417
weathering,1,14418
bartholomew,1,14419
diaz,1,14420
reputed,1,14421
liar,1,14422
reprehensible,1,14423
via,1,14424
magnification,1,14425
axles,1,14426
crop,1,14427
barges,1,14428
actium,1,14429
extract,1,14430
imperative,1,14431
dexterities,1,14432
sleights,1,14433
subtleties,1,14434
manoeuvre,1,14435
exercises,1,14436
boasts,1,14437
inveterate,1,14438
pitchpoled,1,14439
drawbacks,1,14440
equanimity,1,14441
excel,1,14442
whistlingly,1,14443
waistband,1,14444
spigot,1,14445
today,1,14446
orleans,1,14447
whiskey,1,14448
monongahela,1,14449
canakin,1,14450
brew,1,14451
quaff,1,14452
greyhound,1,14453
leash,1,14454
pitchpoler,1,14455
sprinklings,1,14456
sixteenth,1,14457
contingent,1,14458
function,1,14459
withdraws,1,14460
vivifying,1,14461
err,1,14462
aerated,1,14463
vermicelli,1,14464
quits,1,14465
oxygenated,1,14466
waterless,1,14467
stomachs,1,14468
indisputable,1,14469
obstinacy,1,14470
risings,1,14471
respires,1,14472
fetches,1,14473
rates,1,14474
replenish,1,14475
hazards,1,14476
pulsations,1,14477
truthfully,1,14478
obliterated,1,14479
clogged,1,14480
retention,1,14481
exclusion,1,14482
rumbles,1,14483
talks,1,14484
stammer,1,14485
listener,1,14486
conveyance,1,14487
discharging,1,14488
pester,1,14489
knottiest,1,14490
undecided,1,14491
cascading,1,14492
superficially,1,14493
countersunk,1,14494
basin,1,14495
pitcher,1,14496
feverishly,1,14497
acridness,1,14498
investigator,1,14499
hypothesize,1,14500
pyrrho,1,14501
dante,1,14502
worming,1,14503
undulation,1,14504
shingled,1,14505
attic,1,14506
overhung,1,14507
engendered,1,14508
contemplations,1,14509
irradiate,1,14510
enkindling,1,14511
denials,1,14512
combination,1,14513
warbled,1,14514
praises,1,14515
antelope,1,14516
alights,1,14517
shoaling,1,14518
overlap,1,14519
recede,1,14520
exquisitely,1,14521
webbed,1,14522
compose,1,14523
triune,1,14524
undoubtedly,1,14525
knit,1,14526
muscular,1,14527
filaments,1,14528
loins,1,14529
flexion,1,14530
infantileness,1,14531
titanism,1,14532
impairs,1,14533
harmony,1,14534
bestows,1,14535
imposingly,1,14536
eckerman,1,14537
angelo,1,14538
hermaphroditical,1,14539
embodied,1,14540
brawniness,1,14541
submission,1,14542
endurance,1,14543
conceded,1,14544
flexions,1,14545
transcend,1,14546
mace,1,14547
lobtailing,1,14548
wriggles,1,14549
propulsion,1,14550
conflicts,1,14551
contemptuously,1,14552
eluding,1,14553
stitch,1,14554
demonstrate,1,14555
daintiness,1,14556
maidenly,1,14557
gentleness,1,14558
slowness,1,14559
tenderness,1,14560
darmonodes,1,14561
nosegays,1,14562
damsels,1,14563
caressed,1,14564
unawares,1,14565
unbent,1,14566
kitten,1,14567
thunderous,1,14568
concussion,1,14569
wreath,1,14570
grandest,1,14571
dantean,1,14572
archangels,1,14573
crimsoned,1,14574
persia,1,14575
ptolemy,1,14576
philopater,1,14577
juba,1,14578
terrier,1,14579
lily,1,14580
tosses,1,14581
deplore,1,14582
inability,1,14583
symbols,1,14584
methods,1,14585
intelligently,1,14586
armada,1,14587
birmah,1,14588
bally,1,14589
buttressed,1,14590
inexhaustible,1,14591
silks,1,14592
ineffectual,1,14593
guarded,1,14594
orientals,1,14595
obsequious,1,14596
cargoes,1,14597
waive,1,14598
ceremonial,1,14599
proas,1,14600
coves,1,14601
chastisements,1,14602
corsairs,1,14603
repressed,1,14604
pillaged,1,14605
northwards,1,14606
philippine,1,14607
haunting,1,14608
raced,1,14609
sustenance,1,14610
utilities,1,14611
unusable,1,14612
kentledge,1,14613
brackish,1,14614
rafted,1,14615
cinnamon,1,14616
renouncing,1,14617
magnificence,1,14618
premised,1,14619
assistance,1,14620
aggregation,1,14621
cleft,1,14622
willow,1,14623
bush,1,14624
individually,1,14625
metropolis,1,14626
balmy,1,14627
autumnal,1,14628
unfriendly,1,14629
deploy,1,14630
crescent,1,14631
levelling,1,14632
rascally,1,14633
philanthropists,1,14634
speeding,1,14635
rowels,1,14636
atheistical,1,14637
gnawing,1,14638
cockatoo,1,14639
grieve,1,14640
victoriously,1,14641
notified,1,14642
bayonets,1,14643
animating,1,14644
irresolution,1,14645
rout,1,14646
expanding,1,14647
aimlessly,1,14648
distraction,1,14649
paralysed,1,14650
logged,1,14651
flock,1,14652
herding,1,14653
banding,1,14654
herded,1,14655
theatre,1,14656
outdone,1,14657
circumspect,1,14658
menaced,1,14659
mobbed,1,14660
daunted,1,14661
manfully,1,14662
sheering,1,14663
edging,1,14664
dispensed,1,14665
cooling,1,14666
druggs,1,14667
looped,1,14668
requisition,1,14669
staggeringly,1,14670
fettered,1,14671
malefactors,1,14672
disorders,1,14673
tumults,1,14674
titanic,1,14675
embayed,1,14676
hemmed,1,14677
inexperienced,1,14678
snuffling,1,14679
domesticated,1,14680
patted,1,14681
scratched,1,14682
spiritually,1,14683
feasting,1,14684
gulfweed,1,14685
fourteen,1,14686
frisky,1,14687
irksome,1,14688
lately,1,14689
reticule,1,14690
unborn,1,14691
crumpled,1,14692
ails,1,14693
buoyantly,1,14694
umbilical,1,14695
madame,1,14696
tethered,1,14697
indifferently,1,14698
gestation,1,14699
esau,1,14700
jacob,1,14701
teats,1,14702
situated,1,14703
anus,1,14704
breasts,1,14705
extend,1,14706
rivallingly,1,14707
discolour,1,14708
strawberries,1,14709
salute,1,14710
hominum,1,14711
consternations,1,14712
indulge,1,14713
concernments,1,14714
revelled,1,14715
dalliance,1,14716
tornadoed,1,14717
disport,1,14718
entranced,1,14719
drugging,1,14720
frontier,1,14721
hamstring,1,14722
maiming,1,14723
tendon,1,14724
arnold,1,14725
flailing,1,14726
wounding,1,14727
submarine,1,14728
nurseries,1,14729
orbits,1,14730
thickening,1,14731
departing,1,14732
shove,1,14733
bulks,1,14734
outlet,1,14735
escapes,1,14736
cheaply,1,14737
clumped,1,14738
renewed,1,14739
onward,1,14740
augmented,1,14741
waifed,1,14742
pennoned,1,14743
inducing,1,14744
aggregations,1,14745
cavalier,1,14746
evinces,1,14747
surroundingly,1,14748
solaces,1,14749
endearments,1,14750
dozen,1,14751
embonpoint,1,14752
ramblings,1,14753
fashionables,1,14754
promenade,1,14755
journeys,1,14756
wary,1,14757
pert,1,14758
confidentially,1,14759
assails,1,14760
chases,1,14761
rakes,1,14762
duels,1,14763
admirers,1,14764
elks,1,14765
warringly,1,14766
interweave,1,14767
antlers,1,14768
scars,1,14769
furrowed,1,14770
scolloped,1,14771
dislocated,1,14772
invader,1,14773
diverting,1,14774
insinuates,1,14775
revels,1,14776
lavish,1,14777
omnivorous,1,14778
exotic,1,14779
dumps,1,14780
lends,1,14781
lassitude,1,14782
overtakes,1,14783
sated,1,14784
supplants,1,14785
maidens,1,14786
impotent,1,14787
repentant,1,14788
admonitory,1,14789
forswears,1,14790
disbands,1,14791
exemplary,1,14792
parallels,1,14793
amorous,1,14794
satirical,1,14795
vidocq,1,14796
occult,1,14797
lessons,1,14798
inculcated,1,14799
secludedness,1,14800
betakes,1,14801
boone,1,14802
characteristically,1,14803
proverbially,1,14804
penal,1,14805
gout,1,14806
collegians,1,14807
wickedness,1,14808
underwriter,1,14809
turbulence,1,14810
settlements,1,14811
harems,1,14812
sexes,1,14813
regulations,1,14814
minor,1,14815
contingencies,1,14816
retaken,1,14817
vexatious,1,14818
disputes,1,14819
authorized,1,14820
legislative,1,14821
enactment,1,14822
legislators,1,14823
terse,1,14824
pandects,1,14825
engraven,1,14826
forthing,1,14827
soonest,1,14828
masterly,1,14829
brevity,1,14830
expound,1,14831
controllable,1,14832
occupant,1,14833
occupants,1,14834
telegraph,1,14835
cobweb,1,14836
ability,1,14837
knocks,1,14838
coke,1,14839
littleton,1,14840
allowances,1,14841
scrupulous,1,14842
trover,1,14843
litigated,1,14844
forsake,1,14845
appropriated,1,14846
remonstrated,1,14847
seizure,1,14848
sued,1,14849
defence,1,14850
illustrate,1,14851
crim,1,14852
con,1,14853
instituted,1,14854
stress,1,14855
contended,1,14856
reciprocally,1,14857
awarded,1,14858
controverted,1,14859
aforesaid,1,14860
ploughed,1,14861
fundamentals,1,14862
jurisprudence,1,14863
tracery,1,14864
props,1,14865
regardless,1,14866
serfs,1,14867
republican,1,14868
mite,1,14869
undetected,1,14870
villain,1,14871
mordecai,1,14872
loan,1,14873
archbishop,1,14874
scant,1,14875
dunder,1,14876
hamlets,1,14877
redoubted,1,14878
ireland,1,14879
lancer,1,14880
jonathan,1,14881
internationally,1,14882
liberties,1,14883
smuggling,1,14884
verbalists,1,14885
thinkers,1,14886
balena,1,14887
vero,1,14888
sufficit,1,14889
si,1,14890
rex,1,14891
habeat,1,14892
caput,1,14893
regina,1,14894
caudam,1,14895
bracton,1,14896
c,1,14897
honourary,1,14898
division,1,14899
halving,1,14900
courteous,1,14901
prompts,1,14902
railways,1,14903
car,1,14904
accommodation,1,14905
dover,1,14906
beaching,1,14907
jurisdiction,1,14908
policeman,1,14909
emoluments,1,14910
assignment,1,14911
sinecure,1,14912
eely,1,14913
fantasy,1,14914
sipping,1,14915
soften,1,14916
blisters,1,14917
wellington,1,14918
clergyman,1,14919
militant,1,14920
kingdoms,1,14921
coercing,1,14922
delegated,1,14923
pinmoney,1,14924
discourseth,1,14925
bodices,1,14926
mermaid,1,14927
allegorical,1,14928
limitations,1,14929
symbolically,1,14930
congeniality,1,14931
ambergriese,1,14932
fetor,1,14933
discoverers,1,14934
bet,1,14935
circled,1,14936
unappropriated,1,14937
assyrian,1,14938
moor,1,14939
attar,1,14940
problematical,1,14941
indigestion,1,14942
defunct,1,14943
banteringly,1,14944
crappoes,1,14945
frenchmen,1,14946
snuffers,1,14947
wick,1,14948
crappo,1,14949
leavings,1,14950
cell,1,14951
breezing,1,14952
fanciful,1,14953
bulb,1,14954
boards,1,14955
inscription,1,14956
bulbous,1,14957
communication,1,14958
bawled,1,14959
blanche,1,14960
slung,1,14961
gardenny,1,14962
posies,1,14963
guernseyman,1,14964
joking,1,14965
gill,1,14966
manufacturer,1,14967
upwardly,1,14968
stems,1,14969
outcries,1,14970
anathemas,1,14971
ajar,1,14972
remonstrating,1,14973
betaken,1,14974
pest,1,14975
indignations,1,14976
conceited,1,14977
ignoramus,1,14978
unprofitable,1,14979
frank,1,14980
circumventing,1,14981
satirizing,1,14982
interpreting,1,14983
babyish,1,14984
baboon,1,14985
vows,1,14986
conjures,1,14987
confining,1,14988
inviting,1,14989
bordeaux,1,14990
drift,1,14991
benevolently,1,14992
slacking,1,14993
feigned,1,14994
intentions,1,14995
reap,1,14996
unrighteous,1,14997
excavation,1,14998
digging,1,14999
pottery,1,15000
loam,1,15001
druggist,1,15002
unavoidably,1,15003
compound,1,15004
soils,1,15005
odorless,1,15006
ornaments,1,15007
waxy,1,15008
spicy,1,15009
perfumery,1,15010
pastiles,1,15011
powders,1,15012
pomatum,1,15013
mecca,1,15014
frankincense,1,15015
merchants,1,15016
grains,1,15017
claret,1,15018
regale,1,15019
administering,1,15020
brandreth,1,15021
blasting,1,15022
corinthians,1,15023
corruption,1,15024
sown,1,15025
paracelsus,1,15026
manufacturing,1,15027
appeal,1,15028
repel,1,15029
biased,1,15030
slanderous,1,15031
aspersion,1,15032
disproved,1,15033
slatternly,1,15034
untidy,1,15035
rebut,1,15036
odious,1,15037
stigma,1,15038
originate,1,15039
traceable,1,15040
bung,1,15041
shortness,1,15042
unloading,1,15043
dock,1,15044
schmerenburgh,1,15045
smeerenberg,1,15046
fogo,1,15047
sheds,1,15048
scentless,1,15049
jew,1,15050
enjoys,1,15051
dispenses,1,15052
scented,1,15053
rustles,1,15054
liken,1,15055
fragrance,1,15056
redolent,1,15057
myrrh,1,15058
lamentable,1,15059
timorous,1,15060
keeper,1,15061
pippin,1,15062
abbreviation,1,15063
pony,1,15064
developments,1,15065
eccentric,1,15066
span,1,15067
torpid,1,15068
intellects,1,15069
festivities,1,15070
finer,1,15071
julys,1,15072
lustrous,1,15073
cabinets,1,15074
luridly,1,15075
illumined,1,15076
fictitiously,1,15077
connecticut,1,15078
fiddler,1,15079
melodious,1,15080
belled,1,15081
veined,1,15082
watered,1,15083
healthful,1,15084
jeweller,1,15085
divinest,1,15086
sprain,1,15087
discreditably,1,15088
exhort,1,15089
courageousness,1,15090
needful,1,15091
breasted,1,15092
plumping,1,15093
interrogatively,1,15094
assailed,1,15095
execrations,1,15096
cursings,1,15097
officially,1,15098
unofficially,1,15099
motto,1,15100
undiluted,1,15101
interferes,1,15102
benevolence,1,15103
performance,1,15104
bounteous,1,15105
flatly,1,15106
beater,1,15107
bobbing,1,15108
ebon,1,15109
cloves,1,15110
brightest,1,15111
lonesomeness,1,15112
concentration,1,15113
immensity,1,15114
merest,1,15115
jeeringly,1,15116
finite,1,15117
unwarped,1,15118
passive,1,15119
hoarded,1,15120
juvenile,1,15121
omnipresent,1,15122
insects,1,15123
treadle,1,15124
crystallized,1,15125
constantine,1,15126
clearer,1,15127
sweetener,1,15128
softener,1,15129
molifier,1,15130
eels,1,15131
serpentine,1,15132
spiralise,1,15133
tissues,1,15134
richly,1,15135
opulence,1,15136
uncontaminated,1,15137
aroma,1,15138
paracelsan,1,15139
allaying,1,15140
bathing,1,15141
co,1,15142
sentimentally,1,15143
acerbities,1,15144
envy,1,15145
attainable,1,15146
saddle,1,15147
thicker,1,15148
oblongs,1,15149
berkshire,1,15150
participating,1,15151
refreshing,1,15152
tint,1,15153
bestreaked,1,15154
plums,1,15155
rubies,1,15156
citron,1,15157
cutlet,1,15158
le,1,15159
gros,1,15160
vintage,1,15161
vineyards,1,15162
champagne,1,15163
slobgollion,1,15164
ineffably,1,15165
stringy,1,15166
ruptured,1,15167
membranes,1,15168
coalescing,1,15169
gurry,1,15170
designates,1,15171
glutinous,1,15172
nippers,1,15173
indigenous,1,15174
vocabulary,1,15175
nipper,1,15176
edgewise,1,15177
operates,1,15178
squilgee,1,15179
impurities,1,15180
receptacle,1,15181
arrives,1,15182
tyros,1,15183
workmen,1,15184
lurches,1,15185
hone,1,15186
spademan,1,15187
shoeless,1,15188
assistants,1,15189
mortemizing,1,15190
strolled,1,15191
scanned,1,15192
scuppers,1,15193
cone,1,15194
maachah,1,15195
judea,1,15196
asa,1,15197
depose,1,15198
abomination,1,15199
kedron,1,15200
grandissimus,1,15201
cylindrically,1,15202
boa,1,15203
pantaloon,1,15204
slits,1,15205
canonicals,1,15206
minced,1,15207
orator,1,15208
occupying,1,15209
archbishopric,1,15210
enjoins,1,15211
accelerated,1,15212
outwardly,1,15213
joining,1,15214
constituting,1,15215
kiln,1,15216
roomy,1,15217
battened,1,15218
remarkably,1,15219
cynical,1,15220
polishing,1,15221
geometry,1,15222
cycloid,1,15223
evaporates,1,15224
oversee,1,15225
ignition,1,15226
properties,1,15227
plethoric,1,15228
martyr,1,15229
misanthrope,1,15230
funereal,1,15231
pyres,1,15232
freshening,1,15233
licked,1,15234
flues,1,15235
hydriote,1,15236
canaris,1,15237
conflagrations,1,15238
tartarean,1,15239
stokers,1,15240
laughter,1,15241
gesticulated,1,15242
dippers,1,15243
scornfully,1,15244
champed,1,15245
ghastliness,1,15246
drowsiness,1,15247
illuminating,1,15248
havens,1,15249
bewildered,1,15250
fronting,1,15251
hallucination,1,15252
accept,1,15253
hitching,1,15254
forking,1,15255
gentler,1,15256
liars,1,15257
campagna,1,15258
sahara,1,15259
ecclesiastes,1,15260
unchristian,1,15261
dodges,1,15262
jails,1,15263
graveyards,1,15264
operas,1,15265
pascal,1,15266
rousseau,1,15267
wandereth,1,15268
invert,1,15269
deaden,1,15270
catskill,1,15271
blackest,1,15272
swoop,1,15273
canonized,1,15274
counsellors,1,15275
pallet,1,15276
aladdin,1,15277
pitchiest,1,15278
illumination,1,15279
cooler,1,15280
replenishes,1,15281
mugs,1,15282
vat,1,15283
lunar,1,15284
astral,1,15285
freshness,1,15286
genuineness,1,15287
moors,1,15288
garments,1,15289
executioner,1,15290
shadrach,1,15291
meshach,1,15292
abednego,1,15293
unscathed,1,15294
scoot,1,15295
unsealed,1,15296
hermetically,1,15297
incidents,1,15298
besooted,1,15299
suffused,1,15300
deafening,1,15301
scrupulously,1,15302
cleansing,1,15303
adhesiveness,1,15304
exterminates,1,15305
restore,1,15306
tidiness,1,15307
scrubbed,1,15308
simultaneous,1,15309
bridegrooms,1,15310
discourse,1,15311
parlors,1,15312
carpets,1,15313
cambrics,1,15314
musked,1,15315
slash,1,15316
cleanse,1,15317
tabernacles,1,15318
routine,1,15319
metempsychosis,1,15320
pythagoras,1,15321
halted,1,15322
hopefulness,1,15323
interpret,1,15324
cipher,1,15325
cartload,1,15326
raked,1,15327
pactolus,1,15328
amidst,1,15329
rustiness,1,15330
verdigris,1,15331
untouchable,1,15332
foulness,1,15333
amongst,1,15334
pilfering,1,15335
wanton,1,15336
revered,1,15337
talisman,1,15338
medals,1,15339
alpacas,1,15340
disks,1,15341
ecliptics,1,15342
luxuriant,1,15343
profusion,1,15344
preciousness,1,15345
enhancing,1,15346
mints,1,15347
spanishly,1,15348
republica,1,15349
ecuador,1,15350
clime,1,15351
autumn,1,15352
summits,1,15353
crowing,1,15354
arching,1,15355
partitioned,1,15356
cabalistics,1,15357
keystone,1,15358
equinoctial,1,15359
victorious,1,15360
rounder,1,15361
magician,1,15362
mirrors,1,15363
gains,1,15364
coined,1,15365
claws,1,15366
inspectingly,1,15367
girds,1,15368
righteousness,1,15369
shines,1,15370
fixture,1,15371
wisely,1,15372
falsely,1,15373
twigging,1,15374
corlaer,1,15375
popayan,1,15376
moidores,1,15377
pistoles,1,15378
golconda,1,15379
epitome,1,15380
ditto,1,15381
curvicues,1,15382
jimimi,1,15383
navigator,1,15384
almanack,1,15385
lecherous,1,15386
begets,1,15387
cancer,1,15388
surly,1,15389
dabs,1,15390
virgo,1,15391
pop,1,15392
scorpio,1,15393
scorpion,1,15394
stings,1,15395
amusing,1,15396
shafts,1,15397
capricornus,1,15398
tilt,1,15399
deluge,1,15400
drowns,1,15401
pisces,1,15402
jollily,1,15403
cigar,1,15404
wiseish,1,15405
luffs,1,15406
witch,1,15407
copenhagen,1,15408
astronomy,1,15409
interpreters,1,15410
murray,1,15411
bats,1,15412
poked,1,15413
complimentary,1,15414
wits,1,15415
darkey,1,15416
hoard,1,15417
blackberrying,1,15418
tanned,1,15419
thereabouts,1,15420
festoons,1,15421
broidered,1,15422
hussar,1,15423
surcoat,1,15424
clamber,1,15425
deprived,1,15426
invention,1,15427
abjectly,1,15428
changeful,1,15429
cleets,1,15430
tastefully,1,15431
bannisters,1,15432
curve,1,15433
rueful,1,15434
cruised,1,15435
trim,1,15436
bouncing,1,15437
exultingly,1,15438
afoam,1,15439
fluking,1,15440
tangled,1,15441
jiff,1,15442
bat,1,15443
befogged,1,15444
bedeadened,1,15445
looming,1,15446
steeple,1,15447
midday,1,15448
flailings,1,15449
ript,1,15450
pill,1,15451
introduction,1,15452
chimed,1,15453
toddies,1,15454
bandages,1,15455
watcher,1,15456
dietetically,1,15457
respected,1,15458
spins,1,15459
clever,1,15460
passant,1,15461
abstinence,1,15462
hydrophobia,1,15463
exposing,1,15464
scarry,1,15465
rogue,1,15466
bait,1,15467
mathematically,1,15468
digestive,1,15469
inscrutably,1,15470
feints,1,15471
formerly,1,15472
ceylon,1,15473
emetic,1,15474
tacks,1,15475
pawn,1,15476
stoopingly,1,15477
thermometer,1,15478
lancet,1,15479
fades,1,15480
tudors,1,15481
bourbons,1,15482
maceys,1,15483
enderbys,1,15484
auspices,1,15485
government,1,15486
tasting,1,15487
experimental,1,15488
enderbies,1,15489
sailer,1,15490
trumps,1,15491
flipped,1,15492
squally,1,15493
tars,1,15494
scrambled,1,15495
diluted,1,15496
pickled,1,15497
risked,1,15498
anti,1,15499
scorbutic,1,15500
hollanders,1,15501
zealanders,1,15502
scrimps,1,15503
normal,1,15504
incidental,1,15505
stumbled,1,15506
musty,1,15507
reinforced,1,15508
production,1,15509
fitz,1,15510
swackhammer,1,15511
claus,1,15512
pott,1,15513
translation,1,15514
spied,1,15515
larders,1,15516
translated,1,15517
transcribe,1,15518
firkins,1,15519
geneva,1,15520
statistical,1,15521
parchingly,1,15522
quarts,1,15523
studious,1,15524
transcendental,1,15525
platonic,1,15526
compiled,1,15527
rendered,1,15528
bumpers,1,15529
prosecuted,1,15530
climate,1,15531
exclusive,1,15532
fuddled,1,15533
improbable,1,15534
agrees,1,15535
boozy,1,15536
grievous,1,15537
empties,1,15538
descriptively,1,15539
treating,1,15540
dwelt,1,15541
structural,1,15542
unbutton,1,15543
untagging,1,15544
unbuckling,1,15545
garters,1,15546
ultimatum,1,15547
lectures,1,15548
examination,1,15549
dishes,1,15550
pinnings,1,15551
vats,1,15552
butteries,1,15553
cheeseries,1,15554
sheaths,1,15555
indebted,1,15556
algiers,1,15557
villa,1,15558
invent,1,15559
droopings,1,15560
enfoldings,1,15561
sheltered,1,15562
unextinguished,1,15563
bough,1,15564
devotees,1,15565
damocles,1,15566
industrious,1,15567
tendrils,1,15568
shrubs,1,15569
ferns,1,15570
grasses,1,15571
lacings,1,15572
weaves,1,15573
factories,1,15574
spindles,1,15575
villainies,1,15576
detected,1,15577
intermixed,1,15578
greener,1,15579
fresher,1,15580
trellised,1,15581
wived,1,15582
curly,1,15583
wandered,1,15584
eddied,1,15585
arbours,1,15586
dar,1,15587
sconces,1,15588
manchester,1,15589
yorkshire,1,15590
seignories,1,15591
cavities,1,15592
shutters,1,15593
footman,1,15594
charging,1,15595
twopence,1,15596
threepence,1,15597
sixpence,1,15598
verbatim,1,15599
wanderings,1,15600
statistics,1,15601
wished,1,15602
untattooed,1,15603
admeasurement,1,15604
briefly,1,15605
exhibit,1,15606
outweigh,1,15607
enclosed,1,15608
vitals,1,15609
disconnected,1,15610
successively,1,15611
climax,1,15612
spanned,1,15613
seemly,1,15614
correspondence,1,15615
footpath,1,15616
attenuated,1,15617
eddyings,1,15618
angry,1,15619
pompey,1,15620
knobbed,1,15621
urchins,1,15622
amplify,1,15623
compress,1,15624
intestines,1,15625
approve,1,15626
omnisciently,1,15627
exhaustive,1,15628
seminal,1,15629
germs,1,15630
habitatory,1,15631
magnify,1,15632
archaeological,1,15633
grandiloquent,1,15634
emprise,1,15635
weightiest,1,15636
consult,1,15637
dissertations,1,15638
expressly,1,15639
lexicographer,1,15640
compile,1,15641
chirography,1,15642
placard,1,15643
condor,1,15644
inkstand,1,15645
penning,1,15646
outreaching,1,15647
mastodons,1,15648
panoramas,1,15649
excluding,1,15650
suburbs,1,15651
geologist,1,15652
ditches,1,15653
wells,1,15654
cisterns,1,15655
remind,1,15656
justify,1,15657
scotland,1,15658
louisiana,1,15659
rue,1,15660
dauphine,1,15661
paris,1,15662
antwerp,1,15663
creagh,1,15664
basilosaurus,1,15665
anatomist,1,15666
rechristened,1,15667
zeuglodon,1,15668
mutations,1,15669
blotted,1,15670
characterized,1,15671
partial,1,15672
resemblances,1,15673
affinities,1,15674
seniors,1,15675
bastions,1,15676
inhabitable,1,15677
pedigree,1,15678
methuselah,1,15679
shem,1,15680
antemosaic,1,15681
unsourced,1,15682
stereotype,1,15683
limestone,1,15684
marl,1,15685
bequeathed,1,15686
print,1,15687
denderah,1,15688
griffins,1,15689
moderns,1,15690
cradled,1,15691
attestation,1,15692
osseous,1,15693
diluvian,1,15694
layn,1,15695
affirm,1,15696
mahomet,1,15697
inquired,1,15698
investigation,1,15699
exhumed,1,15700
tape,1,15701
assuredly,1,15702
aldrovandus,1,15703
tunnels,1,15704
cooke,1,15705
academy,1,15706
reydan,1,15707
siskur,1,15708
metres,1,15709
ancestors,1,15710
stall,1,15711
smithfield,1,15712
fattest,1,15713
kine,1,15714
exterminated,1,15715
overspread,1,15716
manes,1,15717
scowled,1,15718
sites,1,15719
extermination,1,15720
forbids,1,15721
canadian,1,15722
moccasined,1,15723
statistically,1,15724
remunerative,1,15725
influenced,1,15726
yokes,1,15727
fallacious,1,15728
haunt,1,15729
declining,1,15730
unfamiliar,1,15731
invasion,1,15732
swiss,1,15733
savannas,1,15734
citadels,1,15735
barriers,1,15736
floes,1,15737
annually,1,15738
populousness,1,15739
harto,1,15740
goa,1,15741
droves,1,15742
semiramis,1,15743
hannibal,1,15744
americas,1,15745
longevity,1,15746
imagining,1,15747
perishable,1,15748
kremlin,1,15749
despised,1,15750
netherlands,1,15751
rats,1,15752
frothed,1,15753
precipitating,1,15754
thwart,1,15755
splintering,1,15756
urgent,1,15757
inflexibly,1,15758
lusty,1,15759
prone,1,15760
insensible,1,15761
displaced,1,15762
groin,1,15763
cured,1,15764
marsh,1,15765
perpetuates,1,15766
songster,1,15767
canonic,1,15768
enjoyments,1,15769
childlessness,1,15770
fertilely,1,15771
progressive,1,15772
inequality,1,15773
analysis,1,15774
felicities,1,15775
unsignifying,1,15776
pettiness,1,15777
heartwoes,1,15778
tracings,1,15779
deduction,1,15780
sourceless,1,15781
primogenitures,1,15782
cymballing,1,15783
ineffaceable,1,15784
signers,1,15785
lama,1,15786
partook,1,15787
explanatory,1,15788
recluseness,1,15789
banned,1,15790
unaccounted,1,15791
underived,1,15792
conspired,1,15793
muffle,1,15794
transpire,1,15795
synod,1,15796
potentates,1,15797
procedures,1,15798
functionary,1,15799
studs,1,15800
clearest,1,15801
fittings,1,15802
sultanically,1,15803
abstracted,1,15804
duplicates,1,15805
abstraction,1,15806
callings,1,15807
outbranching,1,15808
handicrafts,1,15809
efficient,1,15810
reforming,1,15811
bladed,1,15812
unhesitatingly,1,15813
expert,1,15814
conflicting,1,15815
aptitudes,1,15816
enacted,1,15817
athwartships,1,15818
belaying,1,15819
strays,1,15820
sprains,1,15821
concocts,1,15822
lotion,1,15823
longed,1,15824
vermillion,1,15825
drills,1,15826
pincers,1,15827
bids,1,15828
unmanageably,1,15829
winces,1,15830
unconcluded,1,15831
capstans,1,15832
expertness,1,15833
vivacity,1,15834
pauselessly,1,15835
ignores,1,15836
involving,1,15837
ramifying,1,15838
heartlessness,1,15839
oddly,1,15840
wheezing,1,15841
unstreaked,1,15842
wittiness,1,15843
wanderer,1,15844
clingings,1,15845
pertained,1,15846
abstract,1,15847
unfractioned,1,15848
babe,1,15849
premeditated,1,15850
uncompromisedness,1,15851
unintelligence,1,15852
intermixture,1,15853
uneven,1,15854
spontaneous,1,15855
literal,1,15856
manipulator,1,15857
oozed,1,15858
multum,1,15859
parvo,1,15860
sheffield,1,15861
drivers,1,15862
awls,1,15863
rulers,1,15864
filers,1,15865
countersinkers,1,15866
superiors,1,15867
omnitooled,1,15868
machine,1,15869
automaton,1,15870
quicksilver,1,15871
abided,1,15872
soliloquizing,1,15873
hummingly,1,15874
soliloquizes,1,15875
soliloquizer,1,15876
filing,1,15877
amputate,1,15878
shinbone,1,15879
soak,1,15880
doctored,1,15881
lotions,1,15882
mogulship,1,15883
manmaker,1,15884
pleases,1,15885
pinch,1,15886
partnership,1,15887
africans,1,15888
pedlar,1,15889
crushing,1,15890
pattern,1,15891
imprimis,1,15892
modelled,1,15893
outwards,1,15894
architecture,1,15895
thief,1,15896
catcher,1,15897
thrusted,1,15898
mud,1,15899
ditchers,1,15900
feelest,1,15901
poser,1,15902
uninterpenetratingly,1,15903
standest,1,15904
eavesdroppers,1,15905
dissolved,1,15906
mayst,1,15907
hah,1,15908
bungle,1,15909
debtor,1,15910
blockhead,1,15911
inter,1,15912
indebtedness,1,15913
ledgers,1,15914
wealthiest,1,15915
praetorians,1,15916
auction,1,15917
owe,1,15918
dissolve,1,15919
compendious,1,15920
dinning,1,15921
thoughted,1,15922
haphazard,1,15923
undertake,1,15924
chucks,1,15925
slim,1,15926
lasts,1,15927
roly,1,15928
poly,1,15929
spavined,1,15930
collecting,1,15931
core,1,15932
oval,1,15933
smoothed,1,15934
unfavourable,1,15935
semiweekly,1,15936
drench,1,15937
damply,1,15938
leakage,1,15939
formosa,1,15940
niphon,1,15941
matsmai,1,15942
sikoke,1,15943
pruning,1,15944
wrinkling,1,15945
footstep,1,15946
saving,1,15947
aleak,1,15948
outyell,1,15949
prating,1,15950
miserly,1,15951
manifestation,1,15952
resent,1,15953
forbearing,1,15954
mastering,1,15955
outraged,1,15956
waxes,1,15957
obeys,1,15958
plaits,1,15959
furl,1,15960
honesty,1,15961
imperiously,1,15962
disaffection,1,15963
puncheons,1,15964
copies,1,15965
placards,1,15966
shooks,1,15967
treading,1,15968
catacombs,1,15969
demijohn,1,15970
dinnerless,1,15971
companion,1,15972
sinecures,1,15973
clumsiest,1,15974
stowage,1,15975
holders,1,15976
disembowelled,1,15977
dampness,1,15978
lizard,1,15979
chill,1,15980
lapsed,1,15981
thinned,1,15982
softness,1,15983
bystanders,1,15984
zoroaster,1,15985
impresses,1,15986
holier,1,15987
embalming,1,15988
horizons,1,15989
uncontinented,1,15990
interflow,1,15991
adown,1,15992
lackaday,1,15993
promptitude,1,15994
chalking,1,15995
ejaculated,1,15996
transferringly,1,15997
tyrannical,1,15998
woody,1,15999
entreated,1,16000
comforts,1,16001
rarmai,1,16002
sobbings,1,16003
probed,1,16004
vouchers,1,16005
homes,1,16006
runaway,1,16007
convalescence,1,16008
ungovernable,1,16009
destroyer,1,16010
convalescing,1,16011
whimsiness,1,16012
emptying,1,16013
unfold,1,16014
moulder,1,16015
inscribed,1,16016
unsolved,1,16017
surveying,1,16018
tantalization,1,16019
supplication,1,16020
eastwards,1,16021
stirrings,1,16022
ephesian,1,16023
sod,1,16024
potters,1,16025
somnambulisms,1,16026
slumberers,1,16027
restlessness,1,16028
adoption,1,16029
midmost,1,16030
californian,1,16031
recentest,1,16032
lave,1,16033
japans,1,16034
sugary,1,16035
consciously,1,16036
delta,1,16037
availing,1,16038
contributory,1,16039
bowsmen,1,16040
jealously,1,16041
murmur,1,16042
chronically,1,16043
yawing,1,16044
importunity,1,16045
questionings,1,16046
belated,1,16047
innocently,1,16048
stupidly,1,16049
numbness,1,16050
uncatastrophied,1,16051
postponedly,1,16052
technicals,1,16053
artisan,1,16054
blithe,1,16055
disguisement,1,16056
conjuror,1,16057
economic,1,16058
listened,1,16059
unhappy,1,16060
reverberations,1,16061
unsweetly,1,16062
lullaby,1,16063
hadst,1,16064
competency,1,16065
virtuous,1,16066
elder,1,16067
responsibilities,1,16068
glitteringly,1,16069
bellows,1,16070
cinders,1,16071
houseless,1,16072
familyless,1,16073
crape,1,16074
unreverenced,1,16075
curls,1,16076
untried,1,16077
compunctions,1,16078
suicide,1,16079
contributed,1,16080
receptive,1,16081
alluringly,1,16082
abhorring,1,16083
gravestone,1,16084
hearkening,1,16085
swathed,1,16086
apron,1,16087
carey,1,16088
chickens,1,16089
liv,1,16090
shrunk,1,16091
passionately,1,16092
unsmoothable,1,16093
gaffs,1,16094
racing,1,16095
stubbornest,1,16096
flaw,1,16097
hems,1,16098
blessing,1,16099
fusee,1,16100
wincing,1,16101
branding,1,16102
shave,1,16103
sup,1,16104
arrowy,1,16105
tempering,1,16106
punctures,1,16107
ego,1,16108
baptizo,1,16109
te,1,16110
patris,1,16111
sed,1,16112
diaboli,1,16113
scorchingly,1,16114
baptismal,1,16115
unwound,1,16116
pressing,1,16117
strandings,1,16118
unstranded,1,16119
intertwistings,1,16120
mummeries,1,16121
unmeaningly,1,16122
mocked,1,16123
gilder,1,16124
paddling,1,16125
birch,1,16126
mixing,1,16127
cats,1,16128
purr,1,16129
forgets,1,16130
conceals,1,16131
filial,1,16132
vales,1,16133
mixes,1,16134
interpenetrate,1,16135
seamless,1,16136
treasuries,1,16137
tarnishing,1,16138
landscapes,1,16139
clover,1,16140
unretracing,1,16141
gradations,1,16142
boyhood,1,16143
thoughtless,1,16144
adolescence,1,16145
disbelief,1,16146
ifs,1,16147
unmoor,1,16148
ether,1,16149
weariest,1,16150
unwedded,1,16151
paternity,1,16152
lover,1,16153
tiered,1,16154
apparel,1,16155
gloriously,1,16156
streamers,1,16157
bunting,1,16158
brazen,1,16159
bartered,1,16160
centrepiece,1,16161
caulked,1,16162
plugged,1,16163
complacent,1,16164
barbarian,1,16165
drums,1,16166
eloped,1,16167
negroes,1,16168
bastille,1,16169
jubilations,1,16170
impersonated,1,16171
sayst,1,16172
homewardbound,1,16173
favourites,1,16174
spearings,1,16175
plaintiveness,1,16176
inwreathing,1,16177
orisons,1,16178
convent,1,16179
wantonly,1,16180
vesper,1,16181
hymns,1,16182
sterned,1,16183
wanings,1,16184
placid,1,16185
wondrousness,1,16186
vassal,1,16187
candid,1,16188
unspoken,1,16189
niger,1,16190
whirls,1,16191
unverdured,1,16192
slaughtering,1,16193
trebly,1,16194
aspiring,1,16195
strivest,1,16196
jettest,1,16197
intercedings,1,16198
unnamable,1,16199
imminglings,1,16200
suckled,1,16201
mothered,1,16202
foster,1,16203
flickering,1,16204
chafed,1,16205
spectrally,1,16206
moaning,1,16207
squadrons,1,16208
asphaltites,1,16209
unforgiven,1,16210
couldst,1,16211
plumes,1,16212
pledges,1,16213
derision,1,16214
determine,1,16215
unblinkingly,1,16216
focus,1,16217
splendors,1,16218
astrological,1,16219
passionlessness,1,16220
revery,1,16221
cabalistical,1,16222
plaything,1,16223
brags,1,16224
happenest,1,16225
impotence,1,16226
insultest,1,16227
vividness,1,16228
scorches,1,16229
guide,1,16230
deadreckoning,1,16231
trample,1,16232
feebly,1,16233
pointest,1,16234
trampled,1,16235
sneering,1,16236
fatalistic,1,16237
awestruck,1,16238
troubledly,1,16239
erectly,1,16240
horatii,1,16241
pirouetting,1,16242
lurching,1,16243
dumbest,1,16244
charcoal,1,16245
actest,1,16246
warmest,1,16247
crouches,1,16248
cloudless,1,16249
exploding,1,16250
bomb,1,16251
dazed,1,16252
poled,1,16253
blazed,1,16254
firmer,1,16255
teetering,1,16256
flourishin,1,16257
flyin,1,16258
foamin,1,16259
spicin,1,16260
splits,1,16261
smacks,1,16262
tastin,1,16263
markest,1,16264
shortest,1,16265
lightens,1,16266
volley,1,16267
peals,1,16268
conductor,1,16269
mishaps,1,16270
interfering,1,16271
impeding,1,16272
flambeaux,1,16273
weaker,1,16274
sulphurous,1,16275
teeter,1,16276
tekel,1,16277
upharsin,1,16278
gleaming,1,16279
phosphorescence,1,16280
satanic,1,16281
tableau,1,16282
thinkest,1,16283
chock,1,16284
supernaturalness,1,16285
cohered,1,16286
numbed,1,16287
wasps,1,16288
herculaneum,1,16289
upcast,1,16290
sacramental,1,16291
dispute,1,16292
unintegral,1,16293
mastery,1,16294
whencesoe,1,16295
wheresoe,1,16296
queenly,1,16297
supernal,1,16298
launchest,1,16299
madest,1,16300
closes,1,16301
wrung,1,16302
shutter,1,16303
stunning,1,16304
blindfold,1,16305
leapest,1,16306
genealogy,1,16307
unbegotten,1,16308
unbegun,1,16309
unsuffusing,1,16310
creativeness,1,16311
unparticipated,1,16312
torch,1,16313
transfix,1,16314
binding,1,16315
sweeps,1,16316
neighborhood,1,16317
elm,1,16318
coasting,1,16319
gluepots,1,16320
hooroosh,1,16321
colic,1,16322
drenching,1,16323
pitchers,1,16324
risks,1,16325
guarantees,1,16326
hydrants,1,16327
militia,1,16328
skewered,1,16329
sash,1,16330
fists,1,16331
wring,1,16332
togs,1,16333
cocked,1,16334
eave,1,16335
troughs,1,16336
nasty,1,16337
reelingly,1,16338
preventer,1,16339
shuttlecock,1,16340
anyone,1,16341
strenuous,1,16342
exertions,1,16343
trysail,1,16344
cheerly,1,16345
falsified,1,16346
compliance,1,16347
trimmed,1,16348
reluctantly,1,16349
apprise,1,16350
fitfully,1,16351
panels,1,16352
subterraneousness,1,16353
shiningly,1,16354
evolved,1,16355
spill,1,16356
gropes,1,16357
suffered,1,16358
remonstrance,1,16359
scornest,1,16360
breathest,1,16361
ahabs,1,16362
forbid,1,16363
lawful,1,16364
caged,1,16365
howlings,1,16366
tindering,1,16367
stealthily,1,16368
drunkard,1,16369
panel,1,16370
wrestling,1,16371
outspread,1,16372
unstaggering,1,16373
abounded,1,16374
outbellying,1,16375
boomed,1,16376
babylonian,1,16377
molten,1,16378
tetering,1,16379
loweringly,1,16380
rearward,1,16381
reined,1,16382
huskily,1,16383
liest,1,16384
palpableness,1,16385
electricity,1,16386
recovers,1,16387
reaches,1,16388
unmurmuringly,1,16389
acquiesced,1,16390
rumbled,1,16391
unimpressed,1,16392
magnetism,1,16393
tubes,1,16394
clumsily,1,16395
servile,1,16396
blunted,1,16397
magnetizing,1,16398
slunk,1,16399
fated,1,16400
reliance,1,16401
determining,1,16402
neglect,1,16403
railing,1,16404
damped,1,16405
plungingly,1,16406
grizzly,1,16407
spindle,1,16408
mistrust,1,16409
truer,1,16410
subservient,1,16411
unmanned,1,16412
jerkingly,1,16413
reelman,1,16414
overstrained,1,16415
sagged,1,16416
tugging,1,16417
loosening,1,16418
fished,1,16419
loon,1,16420
scolds,1,16421
lesser,1,16422
holiness,1,16423
creative,1,16424
libertines,1,16425
touchest,1,16426
strings,1,16427
weak,1,16428
rivet,1,16429
believers,1,16430
idiotic,1,16431
gratitude,1,16432
rotten,1,16433
unfrequented,1,16434
monotonously,1,16435
plaintively,1,16436
wailings,1,16437
herod,1,16438
innocents,1,16439
transfixedly,1,16440
peeringly,1,16441
plausible,1,16442
confirmation,1,16443
waked,1,16444
shrunken,1,16445
pore,1,16446
sooth,1,16447
portent,1,16448
fulfilment,1,16449
presaged,1,16450
lightness,1,16451
feverish,1,16452
inuendoes,1,16453
arrange,1,16454
huff,1,16455
baulks,1,16456
bandbox,1,16457
undignified,1,16458
brats,1,16459
tinkerings,1,16460
betters,1,16461
cobbler,1,16462
heigh,1,16463
batten,1,16464
knotty,1,16465
aroostook,1,16466
hemlock,1,16467
cruppered,1,16468
tray,1,16469
workers,1,16470
bedsteads,1,16471
complies,1,16472
genially,1,16473
aisle,1,16474
undertaker,1,16475
arrant,1,16476
intermeddling,1,16477
scamp,1,16478
titans,1,16479
chipping,1,16480
craters,1,16481
bier,1,16482
despatch,1,16483
albemarle,1,16484
woodpecker,1,16485
envied,1,16486
tat,1,16487
seconds,1,16488
tick,1,16489
immaterial,1,16490
imponderable,1,16491
suck,1,16492
philosophies,1,16493
conduits,1,16494
clustering,1,16495
boastful,1,16496
bladders,1,16497
throttling,1,16498
negatively,1,16499
pulls,1,16500
swiftest,1,16501
gleam,1,16502
conjure,1,16503
icily,1,16504
petition,1,16505
charter,1,16506
roundly,1,16507
adopting,1,16508
iciness,1,16509
unmisgiving,1,16510
hardihood,1,16511
initiate,1,16512
unenervated,1,16513
display,1,16514
partiality,1,16515
undue,1,16516
boon,1,16517
nestling,1,16518
relent,1,16519
prolongingly,1,16520
forgive,1,16521
transfixed,1,16522
rejection,1,16523
enchantment,1,16524
cherrying,1,16525
wept,1,16526
bigot,1,16527
fadeless,1,16528
grows,1,16529
fours,1,16530
lieutenants,1,16531
bulge,1,16532
contrastingly,1,16533
concurred,1,16534
sinning,1,16535
sinned,1,16536
unsetting,1,16537
sustains,1,16538
domineered,1,16539
check,1,16540
powdered,1,16541
clamped,1,16542
machines,1,16543
despot,1,16544
wan,1,16545
watchmen,1,16546
limits,1,16547
sunshine,1,16548
unearthed,1,16549
intermission,1,16550
unmomentous,1,16551
asunder,1,16552
forethrown,1,16553
commandingly,1,16554
subordinates,1,16555
tyrant,1,16556
siding,1,16557
glimmering,1,16558
slided,1,16559
reeved,1,16560
attaching,1,16561
shunning,1,16562
relying,1,16563
arranging,1,16564
foothold,1,16565
relations,1,16566
fastenings,1,16567
carelessness,1,16568
select,1,16569
billed,1,16570
incommodiously,1,16571
untrackably,1,16572
spiralized,1,16573
scream,1,16574
replace,1,16575
tanaquil,1,16576
misnamed,1,16577
unrigged,1,16578
bleaching,1,16579
sewing,1,16580
triply,1,16581
baptism,1,16582
dejected,1,16583
symphony,1,16584
firmaments,1,16585
separable,1,16586
pensive,1,16587
transparently,1,16588
samson,1,16589
unspeckled,1,16590
masculine,1,16591
sex,1,16592
groom,1,16593
haggardly,1,16594
unyielding,1,16595
untottering,1,16596
clearness,1,16597
innocency,1,16598
elves,1,16599
heedlessly,1,16600
gambol,1,16601
singed,1,16602
marge,1,16603
aromas,1,16604
dispel,1,16605
cankerous,1,16606
caress,1,16607
erring,1,16608
wee,1,16609
privation,1,16610
forsaken,1,16611
heaviness,1,16612
slavery,1,16613
poorest,1,16614
crusts,1,16615
frenzy,1,16616
foamingly,1,16617
brush,1,16618
sisterly,1,16619
blighted,1,16620
cindered,1,16621
lovings,1,16622
longings,1,16623
albicore,1,16624
blanched,1,16625
motionlessly,1,16626
inspecting,1,16627
ascertaining,1,16628
acute,1,16629
vindicated,1,16630
bordering,1,16631
metallic,1,16632
rip,1,16633
flattening,1,16634
jetting,1,16635
moonlit,1,16636
attuned,1,16637
prolongings,1,16638
nautilus,1,16639
unsuspecting,1,16640
rugged,1,16641
playfully,1,16642
interchangeably,1,16643
feathering,1,16644
alternate,1,16645
skimming,1,16646
pennons,1,16647
joyousness,1,16648
ravished,1,16649
europa,1,16650
bewitching,1,16651
nuptial,1,16652
crete,1,16653
surpass,1,16654
coincident,1,16655
enticings,1,16656
namelessly,1,16657
assail,1,16658
enticing,1,16659
glidest,1,16660
bejuggled,1,16661
tranquillities,1,16662
clappings,1,16663
rapture,1,16664
withholding,1,16665
marbleized,1,16666
warningly,1,16667
bannered,1,16668
hoveringly,1,16669
apeak,1,16670
wooing,1,16671
freshened,1,16672
herons,1,16673
keener,1,16674
weasel,1,16675
undiscoverable,1,16676
doored,1,16677
stratagem,1,16678
sidelingly,1,16679
thrilled,1,16680
unastonished,1,16681
dallied,1,16682
frenzied,1,16683
frail,1,16684
crafty,1,16685
upraising,1,16686
loosed,1,16687
ripplingly,1,16688
spindled,1,16689
vindictively,1,16690
channel,1,16691
overleap,1,16692
designation,1,16693
comprehensively,1,16694
madden,1,16695
mulberries,1,16696
antiochus,1,16697
maccabees,1,16698
insolent,1,16699
incuriously,1,16700
revolvingly,1,16701
planetarily,1,16702
caking,1,16703
trodden,1,16704
ravines,1,16705
prostration,1,16706
abbreviate,1,16707
pang,1,16708
feebler,1,16709
decree,1,16710
intensities,1,16711
pointless,1,16712
centres,1,16713
circumferences,1,16714
draggingly,1,16715
treble,1,16716
vicissitude,1,16717
overtaking,1,16718
stacking,1,16719
outstretching,1,16720
jointed,1,16721
allotted,1,16722
clouded,1,16723
thistle,1,16724
pricked,1,16725
soulless,1,16726
honourably,1,16727
darkling,1,16728
peopled,1,16729
rustling,1,16730
unset,1,16731
slower,1,16732
rousing,1,16733
punctually,1,16734
pertinacious,1,16735
prescience,1,16736
invincible,1,16737
geniuses,1,16738
foretell,1,16739
trending,1,16740
obscures,1,16741
proverbial,1,16742
evanescence,1,16743
railway,1,16744
acuteness,1,16745
windbound,1,16746
inferable,1,16747
furrow,1,16748
missent,1,16749
plough,1,16750
creeps,1,16751
tingles,1,16752
launch,1,16753
blister,1,16754
miller,1,16755
shuts,1,16756
watergate,1,16757
frenzies,1,16758
hares,1,16759
bounding,1,16760
enslaved,1,16761
maple,1,16762
individualities,1,16763
guiltiness,1,16764
oneness,1,16765
outspreadingly,1,16766
wavings,1,16767
shading,1,16768
blueness,1,16769
belayed,1,16770
orchestra,1,16771
vibrate,1,16772
discharges,1,16773
rifles,1,16774
bravadoes,1,16775
salmon,1,16776
bluer,1,16777
glittered,1,16778
mistiness,1,16779
ladders,1,16780
dartingly,1,16781
excludes,1,16782
annihilating,1,16783
manoeuvred,1,16784
trained,1,16785
chargers,1,16786
slogan,1,16787
untraceable,1,16788
evolutions,1,16789
recrossed,1,16790
foreshortened,1,16791
hoping,1,16792
disencumber,1,16793
snarls,1,16794
corkscrewed,1,16795
fagot,1,16796
husks,1,16797
grated,1,16798
nutmeg,1,16799
aslope,1,16800
bobbed,1,16801
twitching,1,16802
lustily,1,16803
unstricken,1,16804
struggled,1,16805
modifying,1,16806
crumb,1,16807
intertangled,1,16808
contusions,1,16809
inextricable,1,16810
leaner,1,16811
gores,1,16812
knell,1,16813
collect,1,16814
unmeasured,1,16815
jesus,1,16816
mobbing,1,16817
impiety,1,16818
lipless,1,16819
unfeatured,1,16820
immutably,1,16821
billion,1,16822
underling,1,16823
obeyest,1,16824
propped,1,16825
centipede,1,16826
encore,1,16827
tomorrow,1,16828
baffle,1,16829
hid,1,16830
heliotrope,1,16831
dawned,1,16832
fairer,1,16833
clefts,1,16834
lava,1,16835
corridors,1,16836
ventilated,1,16837
fleeces,1,16838
tainted,1,16839
slink,1,16840
braver,1,16841
exasperate,1,16842
veer,1,16843
baser,1,16844
mississippies,1,16845
unchangeable,1,16846
oversailed,1,16847
reverse,1,16848
rechurned,1,16849
misdoubt,1,16850
voiced,1,16851
wink,1,16852
leewardings,1,16853
bitterer,1,16854
tiny,1,16855
shallop,1,16856
weeps,1,16857
persuasion,1,16858
maliciously,1,16859
prescient,1,16860
regiments,1,16861
molesting,1,16862
ravening,1,16863
fadest,1,16864
soars,1,16865
upheaved,1,16866
bedraggled,1,16867
swamping,1,16868
brokenly,1,16869
creamed,1,16870
combinedly,1,16871
tiers,1,16872
knitted,1,16873
flailed,1,16874
frayed,1,16875
seekest,1,16876
judicious,1,16877
staved,1,16878
busying,1,16879
abate,1,16880
pertinaciously,1,16881
rowlocks,1,16882
monadnock,1,16883
fiercer,1,16884
writhed,1,16885
foreknew,1,16886
unprepared,1,16887
ungraduated,1,16888
tug,1,16889
sinew,1,16890
crashing,1,16891
evolution,1,16892
persecutions,1,16893
splashing,1,16894
gap,1,16895
plaid,1,16896
fidelities,1,16897
unappeasable,1,16898
unwinking,1,16899
mattrass,1,16900
brushwood,1,16901
assassins,1,16902
gulping,1,16903
coppers,1,16904
inactive,1,16905
predestinating,1,16906
buttress,1,16907
dislodged,1,16908
flume,1,16909
unsurrendered,1,16910
uncracked,1,16911
bullied,1,16912
foregone,1,16913
comber,1,16914
unconquering,1,16915
grapple,1,16916
voicelessly,1,16917
mutes,1,16918
bowstring,1,16919
bewildering,1,16920
mediums,1,16921
gaseous,1,16922
fata,1,16923
morgana,1,16924
infatuation,1,16925
lookouts,1,16926
animate,1,16927
inanimate,1,16928
whelmings,1,16929
intermixingly,1,16930
ironical,1,16931
coincidings,1,16932
backwardly,1,16933
tauntingly,1,16934
incommoding,1,16935
intercept,1,16936
etherial,1,16937
thrill,1,16938
epilogue,1,16939
halfspent,1,16940
suction,1,16941
ixion,1,16942
liberated,1,16943
dirgelike,1,16944
padlocks,1,16945
sheathed,1,16946
retracing,1,16947
orphan,1,16948
